EL	0	13:42:14.318	Cazyxio_v3.2 (EURUSD,M15)	Latest Version
CP	0	13:42:14.318	Cazyxio_v3.2 (EURUSD,M15)	[Cazyxio v3.2] Log file opened: Cazyxio_v3_log.csv
RQ	0	13:42:14.318	Cazyxio_v3.2 (EURUSD,M15)	2026.03.02 20:42:14 | STARTUP | SYSTEM | Cazyxio v3.2 OnInit() started. Account=Christopher Watson Server=Forex.com-Demo 535 Mode=DEMO Balance=48596.62
CE	0	13:42:14.318	Cazyxio_v3.2 (EURUSD,M15)	2026.03.02 20:42:14 | STARTUP | SYSTEM | Key check PASSED.
PE	0	13:42:14.318	Cazyxio_v3.2 (EURUSD,M15)	2026.03.02 20:42:14 | STARTUP | SYSTEM | Parsed 6 symbols: GBPUSD,EURUSD,USDJPY,AUDUSD,GBPJPY,USDCAD
HD	0	13:42:14.318	Cazyxio_v3.2 (EURUSD,M15)	2026.03.02 20:42:14 | STARTUP | GBPUSD | Indicators initialized OK.
CG	0	13:42:14.318	Cazyxio_v3.2 (EURUSD,M15)	2026.03.02 20:42:14 | STARTUP | EURUSD | Indicators initialized OK.
JQ	0	13:42:14.318	Cazyxio_v3.2 (EURUSD,M15)	2026.03.02 20:42:14 | STARTUP | USDJPY | Indicators initialized OK.
IR	0	13:42:14.318	Cazyxio_v3.2 (EURUSD,M15)	2026.03.02 20:42:14 | STARTUP | AUDUSD | Indicators initialized OK.
OS	0	13:42:14.318	Cazyxio_v3.2 (EURUSD,M15)	2026.03.02 20:42:14 | STARTUP | GBPJPY | Indicators initialized OK.
OL	0	13:42:14.318	Cazyxio_v3.2 (EURUSD,M15)	2026.03.02 20:42:14 | STARTUP | USDCAD | Indicators initialized OK.
FQ	0	13:42:14.318	Cazyxio_v3.2 (EURUSD,M15)	2026.03.02 20:42:14 | DAILY_GUARD_RESET | SYSTEM | New trading day. StartEquity=48596.62 MaxDailyLossPct=3.00 | 48596.620000
RR	0	13:42:14.318	Cazyxio_v3.2 (EURUSD,M15)	2026.03.02 20:42:14 | INIT_OK | SYSTEM | Initialization COMPLETE. Symbols=GBPUSD,EURUSD,USDJPY,AUDUSD,GBPJPY,USDCAD ExecTF=PERIOD_M15 HTF=PERIOD_H4 RiskPct=0.50 PortCapPct=2.50 TP_R=2.50 SL_ATR=1.60 Trail_ATR=1.80 ATR_MinRatio=0.85 MaxSpread=30 MaxPos=5 Sessions=ON SessionUTC=7:00-21:00
PJ	0	13:42:14.701	Cazyxio_v3.2 (EURUSD,M15)	2026.03.02 20:42:14 | SESSION_ACTIVE | SYSTEM | Session now ACTIVE. UTC_hour=20 Trading enabled.
DR	0	13:42:14.701	Cazyxio_v3.2 (EURUSD,M15)	2026.03.02 20:42:14 | BAR | GBPUSD | close=1.33980 ema200=1.34380 ema50=1.34012 atr=0.001329 atrSma=0.001385 atrRatio=0.959 htfSlope=DOWN dir=SHORT spread=25.0 spreadOK=YES atrGate=PASS touch=PASS momCandle=momClosePos=0.740 momOk=N ema50Ok=Y barRange=0.001230 trigger=NO hasPos=NO portRisk=0.00% openPos=0 | 1.339800
KK	0	13:42:14.702	Cazyxio_v3.2 (EURUSD,M15)	2026.03.02 20:42:14 | GATE_FAIL | GBPUSD | Momentum candle FAIL. dir=SHORT close=1.33980 ema50=1.34012 momClosePos=0.740 momOk=N ema50Ok=Y barRange=0.001230. Close not in 30% zone or not beyond EMA50.
RG	0	13:42:14.702	Cazyxio_v3.2 (EURUSD,M15)	2026.03.02 20:42:14 | BAR | EURUSD | close=1.16894 ema200=1.17580 ema50=1.17111 atr=0.001081 atrSma=0.000987 atrRatio=1.095 htfSlope=DOWN dir=SHORT spread=18.0 spreadOK=YES atrGate=PASS touch=FAIL momCandle=momClosePos=0.846 momOk=N ema50Ok=Y barRange=0.001360 trigger=NO hasPos=NO portRisk=0.00% openPos=0 | 1.168940
JH	0	13:42:14.702	Cazyxio_v3.2 (EURUSD,M15)	2026.03.02 20:42:14 | GATE_FAIL | EURUSD | Touch/pullback gate FAIL. Price has not approached EMA50 within last 12 bars (within 0.40 ATR).
FN	0	13:42:14.702	Cazyxio_v3.2 (EURUSD,M15)	2026.03.02 20:42:14 | BAR | USDJPY | close=157.314 ema200=156.619 ema50=157.234 atr=0.125857 atrSma=0.131162 atrRatio=0.960 htfSlope=UP dir=LONG spread=18.0 spreadOK=YES atrGate=PASS touch=PASS momCandle=momClosePos=0.218 momOk=N ema50Ok=Y barRange=0.174000 trigger=NO hasPos=NO portRisk=0.00% openPos=0 | 157.314000
GG	0	13:42:14.702	Cazyxio_v3.2 (EURUSD,M15)	2026.03.02 20:42:14 | GATE_FAIL | USDJPY | Momentum candle FAIL. dir=LONG close=157.314 ema50=157.234 momClosePos=0.218 momOk=N ema50Ok=Y barRange=0.174000. Close not in 30% zone or not beyond EMA50.
IG	0	13:42:14.702	Cazyxio_v3.2 (EURUSD,M15)	2026.03.02 20:42:14 | BAR | AUDUSD | close=0.70825 ema200=0.70899 ema50=0.70788 atr=0.000982 atrSma=0.001045 atrRatio=0.939 htfSlope=UP dir=NONE spread=19.0 spreadOK=YES atrGate=PASS touch=FAIL momCandle= trigger=NO hasPos=NO portRisk=0.00% openPos=0 | 0.708250
GN	0	13:42:14.702	Cazyxio_v3.2 (EURUSD,M15)	2026.03.02 20:42:14 | GATE_FAIL | AUDUSD | No directional bias. htfSlope=UP execBull=N execBear=Y. Need HTF+exec alignment.
GF	0	13:42:14.702	Cazyxio_v3.2 (EURUSD,M15)	2026.03.02 20:42:14 | BAR | GBPJPY | close=210.777 ema200=210.468 ema50=210.718 atr=0.126500 atrSma=0.198241 atrRatio=0.638 htfSlope=DOWN dir=NONE spread=49.0 spreadOK=NO atrGate=FAIL touch=FAIL momCandle= trigger=NO hasPos=NO portRisk=0.00% openPos=0 | 210.777000
HK	0	13:42:14.702	Cazyxio_v3.2 (EURUSD,M15)	2026.03.02 20:42:14 | GATE_FAIL | GBPJPY | No directional bias. htfSlope=DOWN execBull=Y execBear=N. Need HTF+exec alignment.
CN	0	13:42:14.702	Cazyxio_v3.2 (EURUSD,M15)	2026.03.02 20:42:14 | BAR | USDCAD | close=1.36758 ema200=1.36679 ema50=1.36779 atr=0.001194 atrSma=0.000878 atrRatio=1.360 htfSlope=DOWN dir=NONE spread=27.0 spreadOK=YES atrGate=PASS touch=FAIL momCandle= trigger=NO hasPos=NO portRisk=0.00% openPos=0 | 1.367580
JF	0	13:42:14.702	Cazyxio_v3.2 (EURUSD,M15)	2026.03.02 20:42:14 | GATE_FAIL | USDCAD | No directional bias. htfSlope=DOWN execBull=Y execBear=N. Need HTF+exec alignment.
LR	0	13:43:14.800	Cazyxio_v3.2 (EURUSD,M15)	2026.03.02 20:43:14 | DEINIT | SYSTEM | EA removed. Reason=1
MD	0	13:43:36.025	Cazyxio_v4.0 (EURUSD,M15)	2026.03.02 20:43:36 | STARTUP | SYSTEM | Cazyxio v4.0 OnInit() started. Account=Christopher Watson Server=Forex.com-Demo 535 Mode=DEMO Balance=48596.62
QQ	0	13:43:36.026	Cazyxio_v4.0 (EURUSD,M15)	[Cazyxio v4.0] Log file opened: Cazyxio_v4_log.csv
HP	0	13:43:36.026	Cazyxio_v4.0 (EURUSD,M15)	2026.03.02 20:43:36 | STARTUP | SYSTEM | Live key check PASSED.
GL	0	13:43:36.026	Cazyxio_v4.0 (EURUSD,M15)	2026.03.02 20:43:36 | STARTUP | SYSTEM | Parsed 6 symbols: GBPUSD,EURUSD,USDJPY,AUDUSD,GBPJPY,USDCAD
ML	0	13:43:36.026	Cazyxio_v4.0 (EURUSD,M15)	2026.03.02 20:43:36 | STARTUP | GBPUSD | Indicators loaded OK. hEMA50exec=10 hATRexec=11 hEMA200htf=12
GR	0	13:43:36.026	Cazyxio_v4.0 (EURUSD,M15)	2026.03.02 20:43:36 | STARTUP | EURUSD | Indicators loaded OK. hEMA50exec=13 hATRexec=14 hEMA200htf=15
IP	0	13:43:36.026	Cazyxio_v4.0 (EURUSD,M15)	2026.03.02 20:43:36 | STARTUP | USDJPY | Indicators loaded OK. hEMA50exec=16 hATRexec=17 hEMA200htf=18
OD	0	13:43:36.026	Cazyxio_v4.0 (EURUSD,M15)	2026.03.02 20:43:36 | STARTUP | AUDUSD | Indicators loaded OK. hEMA50exec=19 hATRexec=20 hEMA200htf=21
QJ	0	13:43:36.026	Cazyxio_v4.0 (EURUSD,M15)	2026.03.02 20:43:36 | STARTUP | GBPJPY | Indicators loaded OK. hEMA50exec=22 hATRexec=23 hEMA200htf=24
HH	0	13:43:36.026	Cazyxio_v4.0 (EURUSD,M15)	2026.03.02 20:43:36 | STARTUP | USDCAD | Indicators loaded OK. hEMA50exec=25 hATRexec=26 hEMA200htf=27
QP	0	13:43:36.026	Cazyxio_v4.0 (EURUSD,M15)	2026.03.02 20:43:36 | INIT_OK | SYSTEM | Initialization COMPLETE. 6/6 symbols loaded. ExecTF=PERIOD_M15 HTF=PERIOD_H4 RiskPct=0.50 TP_R=2.50 TrailActivateR=1.50 WeekendClose=YES WeekendCloseHour=16:00UTC NoNewTradesAfter=Thu 20:00UTC TouchATRFrac=1.00 ATRMinRatio=0.80
CI	0	13:43:36.305	Cazyxio_v4.0 (EURUSD,M15)	2026.03.02 20:43:36 | DAILY_GUARD_RESET | SYSTEM | New trading day. StartEquity=48596.62 MaxDailyLossPct=3.00 | 48596.620000
KK	0	13:43:36.305	Cazyxio_v4.0 (EURUSD,M15)	2026.03.02 20:43:36 | SESSION_ACTIVE | SYSTEM | Session now ACTIVE. UTC_hour=20 Trading enabled.
QH	0	13:43:36.305	Cazyxio_v4.0 (EURUSD,M15)	2026.03.02 20:43:36 | BAR | GBPUSD | close=1.33997 h4ema200=1.35339 h4slope=DOWN ema50=1.34013 atr=0.001329 atrSma=0.001385 atrRatio=0.959 dir=SHORT spread=23.0 spreadOK=YES atrGate=PASS touch=PASS momCandle=momClosePos=0.878 momOk=N ema50Ok=Y barRange=0.001230 trigger=NO hasPos=NO portRisk=0.00% openPos=0 | 1.339970
HK	0	13:43:36.305	Cazyxio_v4.0 (EURUSD,M15)	2026.03.02 20:43:36 | GATE_FAIL | GBPUSD | Momentum candle FAIL. dir=SHORT close=1.33997 ema50=1.34013 momClosePos=0.878 momOk=N ema50Ok=Y barRange=0.001230. Close not in 35% zone.
RG	0	13:43:36.305	Cazyxio_v4.0 (EURUSD,M15)	2026.03.02 20:43:36 | BAR | EURUSD | close=1.16902 h4ema200=1.17938 h4slope=DOWN ema50=1.17111 atr=0.001081 atrSma=0.000987 atrRatio=1.095 dir=SHORT spread=15.0 spreadOK=YES atrGate=PASS touch=PASS momCandle=momClosePos=0.904 momOk=N ema50Ok=Y barRange=0.001360 trigger=NO hasPos=NO portRisk=0.00% openPos=0 | 1.169020
DP	0	13:43:36.305	Cazyxio_v4.0 (EURUSD,M15)	2026.03.02 20:43:36 | GATE_FAIL | EURUSD | Momentum candle FAIL. dir=SHORT close=1.16902 ema50=1.17111 momClosePos=0.904 momOk=N ema50Ok=Y barRange=0.001360. Close not in 35% zone.
KQ	0	13:43:36.305	Cazyxio_v4.0 (EURUSD,M15)	2026.03.02 20:43:36 | BAR | USDJPY | close=157.314 h4ema200=155.456 h4slope=UP ema50=157.234 atr=0.125857 atrSma=0.131162 atrRatio=0.960 dir=LONG spread=15.0 spreadOK=YES atrGate=PASS touch=PASS momCandle=momClosePos=0.218 momOk=N ema50Ok=Y barRange=0.174000 trigger=NO hasPos=NO portRisk=0.00% openPos=0 | 157.314000
QR	0	13:43:36.305	Cazyxio_v4.0 (EURUSD,M15)	2026.03.02 20:43:36 | GATE_FAIL | USDJPY | Momentum candle FAIL. dir=LONG close=157.314 ema50=157.234 momClosePos=0.218 momOk=N ema50Ok=Y barRange=0.174000. Close not in 35% zone.
PJ	0	13:43:36.305	Cazyxio_v4.0 (EURUSD,M15)	2026.03.02 20:43:36 | BAR | AUDUSD | close=0.70838 h4ema200=0.69818 h4slope=UP ema50=0.70788 atr=0.000982 atrSma=0.001045 atrRatio=0.939 dir=LONG spread=17.0 spreadOK=YES atrGate=PASS touch=PASS momCandle=momClosePos=0.845 momOk=Y ema50Ok=Y barRange=0.000970 trigger=YES hasPos=NO portRisk=0.00% openPos=0 | 0.708380
GE	0	13:43:36.305	Cazyxio_v4.0 (EURUSD,M15)	2026.03.02 20:43:36 | SIGNAL | AUDUSD | VALID SIGNAL: LONG entry=0.70855 sl=0.70698 tp=0.71248 stopDist=0.00157 lots=1.54 riskPct=0.50 R:R=2.50 trailActivatesAt=0.00236 profit | 0.708550
KN	0	13:43:36.443	Cazyxio_v4.0 (EURUSD,M15)	2026.03.02 20:43:36 | ORDER_PLACED | AUDUSD | BUY lots=1.54 entry=0.70855 sl=0.70698 tp=0.71248 ticket=4338325 | 1.540000
GG	0	13:43:36.443	Cazyxio_v4.0 (EURUSD,M15)	2026.03.02 20:43:36 | BAR | GBPJPY | close=210.804 h4ema200=210.405 h4slope=DOWN ema50=210.719 atr=0.126500 atrSma=0.198241 atrRatio=0.638 dir=NONE spread=43.0 spreadOK=NO atrGate=FAIL touch=FAIL momCandle= trigger=NO hasPos=NO portRisk=0.50% openPos=0 | 210.804000
KO	0	13:43:36.443	Cazyxio_v4.0 (EURUSD,M15)	2026.03.02 20:43:36 | GATE_FAIL | GBPJPY | No directional bias. h4slope=DOWN closeNow=210.804 h4ema200=210.405. Need H4 slope + price on correct side of H4 EMA200.
RK	0	13:43:36.443	Cazyxio_v4.0 (EURUSD,M15)	2026.03.02 20:43:36 | BAR | USDCAD | close=1.36768 h4ema200=1.36888 h4slope=DOWN ema50=1.36780 atr=0.001194 atrSma=0.000878 atrRatio=1.360 dir=SHORT spread=23.0 spreadOK=YES atrGate=PASS touch=PASS momCandle=momClosePos=0.728 momOk=N ema50Ok=Y barRange=0.001250 trigger=NO hasPos=NO portRisk=0.50% openPos=0 | 1.367680
HE	0	13:43:36.443	Cazyxio_v4.0 (EURUSD,M15)	2026.03.02 20:43:36 | GATE_FAIL | USDCAD | Momentum candle FAIL. dir=SHORT close=1.36768 ema50=1.36780 momClosePos=0.728 momOk=N ema50Ok=Y barRange=0.001250. Close not in 35% zone.
HQ	0	13:45:02.180	Cazyxio_v4.0 (EURUSD,M15)	2026.03.02 20:45:02 | BAR | GBPUSD | close=1.34006 h4ema200=1.35339 h4slope=DOWN ema50=1.34013 atr=0.001261 atrSma=0.001390 atrRatio=0.907 dir=SHORT spread=21.0 spreadOK=YES atrGate=PASS touch=PASS momCandle=momClosePos=0.500 momOk=N ema50Ok=Y barRange=0.000000 trigger=NO hasPos=NO portRisk=0.50% openPos=1 | 1.340060
OR	0	13:45:02.180	Cazyxio_v4.0 (EURUSD,M15)	2026.03.02 20:45:02 | GATE_FAIL | GBPUSD | Momentum candle FAIL. dir=SHORT close=1.34006 ema50=1.34013 momClosePos=0.500 momOk=N ema50Ok=Y barRange=0.000000. Close not in 35% zone.
QN	0	13:45:02.180	Cazyxio_v4.0 (EURUSD,M15)	2026.03.02 20:45:02 | BAR | EURUSD | close=1.16911 h4ema200=1.17938 h4slope=DOWN ema50=1.17104 atr=0.001023 atrSma=0.000992 atrRatio=1.032 dir=SHORT spread=14.0 spreadOK=YES atrGate=PASS touch=PASS momCandle=momClosePos=0.500 momOk=N ema50Ok=Y barRange=0.000000 trigger=NO hasPos=NO portRisk=0.50% openPos=1 | 1.169110
II	0	13:45:02.180	Cazyxio_v4.0 (EURUSD,M15)	2026.03.02 20:45:02 | GATE_FAIL | EURUSD | Momentum candle FAIL. dir=SHORT close=1.16911 ema50=1.17104 momClosePos=0.500 momOk=N ema50Ok=Y barRange=0.000000. Close not in 35% zone.
FE	0	13:45:02.180	Cazyxio_v4.0 (EURUSD,M15)	2026.03.02 20:45:02 | BAR | AUDUSD | close=0.70843 h4ema200=0.69818 h4slope=UP ema50=0.70790 atr=0.000919 atrSma=0.001049 atrRatio=0.875 dir=LONG spread=13.0 spreadOK=YES atrGate=PASS touch=PASS momCandle=momClosePos=0.500 momOk=N ema50Ok=Y barRange=0.000000 trigger=NO hasPos=YES portRisk=0.50% openPos=1 | 0.708430
LQ	0	13:45:02.180	Cazyxio_v4.0 (EURUSD,M15)	2026.03.02 20:45:02 | TRAIL_SKIP | AUDUSD | Trail not yet active. ProfitDist=-0.00012 ActivateAt=0.00236 (1.5R). ticket=4338325
PF	0	13:45:02.180	Cazyxio_v4.0 (EURUSD,M15)	2026.03.02 20:45:02 | BAR | GBPJPY | close=210.812 h4ema200=210.405 h4slope=DOWN ema50=210.723 atr=0.118214 atrSma=0.198469 atrRatio=0.596 dir=NONE spread=39.0 spreadOK=NO atrGate=FAIL touch=FAIL momCandle= trigger=NO hasPos=NO portRisk=0.50% openPos=1 | 210.812000
NQ	0	13:45:02.180	Cazyxio_v4.0 (EURUSD,M15)	2026.03.02 20:45:02 | GATE_FAIL | GBPJPY | No directional bias. h4slope=DOWN closeNow=210.812 h4ema200=210.405. Need H4 slope + price on correct side of H4 EMA200.
EH	0	13:45:02.180	Cazyxio_v4.0 (EURUSD,M15)	2026.03.02 20:45:02 | BAR | USDCAD | close=1.36757 h4ema200=1.36888 h4slope=DOWN ema50=1.36778 atr=0.001125 atrSma=0.000883 atrRatio=1.275 dir=SHORT spread=25.0 spreadOK=YES atrGate=PASS touch=PASS momCandle=momClosePos=0.500 momOk=N ema50Ok=Y barRange=0.000000 trigger=NO hasPos=NO portRisk=0.50% openPos=1 | 1.367570
KD	0	13:45:02.180	Cazyxio_v4.0 (EURUSD,M15)	2026.03.02 20:45:02 | GATE_FAIL | USDCAD | Momentum candle FAIL. dir=SHORT close=1.36757 ema50=1.36778 momClosePos=0.500 momOk=N ema50Ok=Y barRange=0.000000. Close not in 35% zone.
NM	0	13:45:02.438	Cazyxio_v4.0 (EURUSD,M15)	2026.03.02 20:45:02 | BAR | USDJPY | close=157.312 h4ema200=155.456 h4slope=UP ema50=157.237 atr=0.116500 atrSma=0.131469 atrRatio=0.886 dir=LONG spread=14.0 spreadOK=YES atrGate=PASS touch=PASS momCandle=momClosePos=0.500 momOk=N ema50Ok=Y barRange=0.000000 trigger=NO hasPos=NO portRisk=0.50% openPos=1 | 157.312000
IO	0	13:45:02.438	Cazyxio_v4.0 (EURUSD,M15)	2026.03.02 20:45:02 | GATE_FAIL | USDJPY | Momentum candle FAIL. dir=LONG close=157.312 ema50=157.237 momClosePos=0.500 momOk=N ema50Ok=Y barRange=0.000000. Close not in 35% zone.
QS	0	13:45:03.656	Cazyxio_v4.0 (EURUSD,M15)	2026.03.02 20:45:03 | HEARTBEAT | SYSTEM | EA alive. Tick=100 Equity=48568.90 OpenPos=1 UTC=2026.03.02 20:45 DayOfWeek=1 WeekendCloseActive=NO NewTradeBlocked=NO | 100.000000
KH	0	13:45:14.196	Cazyxio_v4.0 (EURUSD,M15)	2026.03.02 20:45:14 | DEINIT | SYSTEM | EA removed. Reason=9 Ticks=122
FI	0	17:53:53.082	Cazyxio_v4.0 (EURUSD,M15)	2026.03.03 00:53:53 | STARTUP | SYSTEM | Cazyxio v4.0 OnInit() started. Account=Christopher Watson Server=Forex.com-Demo 535 Mode=DEMO Balance=48593.24
NS	0	17:53:53.083	Cazyxio_v4.0 (EURUSD,M15)	[Cazyxio v4.0] Log file opened: Cazyxio_v4_log.csv
DR	0	17:53:53.083	Cazyxio_v4.0 (EURUSD,M15)	2026.03.03 00:53:53 | STARTUP | SYSTEM | Live key check PASSED.
CI	0	17:53:53.083	Cazyxio_v4.0 (EURUSD,M15)	2026.03.03 00:53:53 | STARTUP | SYSTEM | Parsed 6 symbols: GBPUSD,EURUSD,USDJPY,AUDUSD,GBPJPY,USDCAD
II	0	17:53:53.083	Cazyxio_v4.0 (EURUSD,M15)	2026.03.03 00:53:53 | STARTUP | GBPUSD | Indicators loaded OK. hEMA50exec=10 hATRexec=11 hEMA200htf=12
KM	0	17:53:53.083	Cazyxio_v4.0 (EURUSD,M15)	2026.03.03 00:53:53 | STARTUP | EURUSD | Indicators loaded OK. hEMA50exec=13 hATRexec=14 hEMA200htf=15
MS	0	17:53:53.083	Cazyxio_v4.0 (EURUSD,M15)	2026.03.03 00:53:53 | STARTUP | USDJPY | Indicators loaded OK. hEMA50exec=16 hATRexec=17 hEMA200htf=18
CQ	0	17:53:53.083	Cazyxio_v4.0 (EURUSD,M15)	2026.03.03 00:53:53 | STARTUP | AUDUSD | Indicators loaded OK. hEMA50exec=19 hATRexec=20 hEMA200htf=21
EG	0	17:53:53.083	Cazyxio_v4.0 (EURUSD,M15)	2026.03.03 00:53:53 | STARTUP | GBPJPY | Indicators loaded OK. hEMA50exec=22 hATRexec=23 hEMA200htf=24
LK	0	17:53:53.083	Cazyxio_v4.0 (EURUSD,M15)	2026.03.03 00:53:53 | STARTUP | USDCAD | Indicators loaded OK. hEMA50exec=25 hATRexec=26 hEMA200htf=27
EG	0	17:53:53.083	Cazyxio_v4.0 (EURUSD,M15)	2026.03.03 00:53:53 | INIT_OK | SYSTEM | Initialization COMPLETE. 6/6 symbols loaded. ExecTF=PERIOD_M15 HTF=PERIOD_H4 RiskPct=0.50 TP_R=2.50 TrailActivateR=1.50 WeekendClose=YES WeekendCloseHour=16:00UTC NoNewTradesAfter=Thu 20:00UTC TouchATRFrac=1.00 ATRMinRatio=0.80
CO	0	17:53:53.296	Cazyxio_v4.0 (EURUSD,M15)	2026.03.03 00:53:53 | DAILY_GUARD_RESET | SYSTEM | New trading day. StartEquity=48847.34 MaxDailyLossPct=3.00 | 48847.340000
IK	0	17:53:53.296	Cazyxio_v4.0 (EURUSD,M15)	2026.03.03 00:53:53 | SESSION_WAIT | SYSTEM | Outside session. UTC_hour=0 Sessions: 7:00-17:00 and 12:00-21:00 UTC. Waiting.
GR	0	17:55:00.685	Cazyxio_v4.0 (EURUSD,M15)	2026.03.03 00:55:00 | HEARTBEAT | SYSTEM | EA alive. Tick=100 Equity=48844.26 OpenPos=1 UTC=2026.03.03 00:55 DayOfWeek=2 WeekendCloseActive=NO NewTradeBlocked=NO | 100.000000
QF	0	17:56:39.001	Cazyxio_v4.0 (EURUSD,M15)	2026.03.03 00:56:39 | HEARTBEAT | SYSTEM | EA alive. Tick=200 Equity=48831.94 OpenPos=1 UTC=2026.03.03 00:56 DayOfWeek=2 WeekendCloseActive=NO NewTradeBlocked=NO | 200.000000
JM	0	17:57:52.316	Cazyxio_v4.0 (EURUSD,M15)	2026.03.03 00:57:52 | HEARTBEAT | SYSTEM | EA alive. Tick=300 Equity=48810.38 OpenPos=1 UTC=2026.03.03 00:57 DayOfWeek=2 WeekendCloseActive=NO NewTradeBlocked=NO | 300.000000
DQ	0	17:59:23.646	Cazyxio_v4.0 (EURUSD,M15)	2026.03.03 00:59:23 | HEARTBEAT | SYSTEM | EA alive. Tick=400 Equity=48810.38 OpenPos=1 UTC=2026.03.03 00:59 DayOfWeek=2 WeekendCloseActive=NO NewTradeBlocked=NO | 400.000000
NF	0	18:00:00.506	Cazyxio_v4.0 (EURUSD,M15)	2026.03.03 01:00:00 | SESSION_WAIT | SYSTEM | Outside session. UTC_hour=1 Sessions: 7:00-17:00 and 12:00-21:00 UTC. Waiting.
LQ	0	18:00:20.490	Cazyxio_v4.0 (EURUSD,M15)	2026.03.03 01:00:20 | HEARTBEAT | SYSTEM | EA alive. Tick=500 Equity=48821.16 OpenPos=1 UTC=2026.03.03 01:00 DayOfWeek=2 WeekendCloseActive=NO NewTradeBlocked=NO | 500.000000
NE	0	18:01:06.372	Cazyxio_v4.0 (EURUSD,M15)	2026.03.03 01:01:06 | HEARTBEAT | SYSTEM | EA alive. Tick=600 Equity=48815.00 OpenPos=1 UTC=2026.03.03 01:01 DayOfWeek=2 WeekendCloseActive=NO NewTradeBlocked=NO | 600.000000
OH	0	18:01:59.723	Cazyxio_v4.0 (EURUSD,M15)	2026.03.03 01:01:59 | HEARTBEAT | SYSTEM | EA alive. Tick=700 Equity=48811.92 OpenPos=1 UTC=2026.03.03 01:01 DayOfWeek=2 WeekendCloseActive=NO NewTradeBlocked=NO | 700.000000
KL	0	18:03:09.676	Cazyxio_v4.0 (EURUSD,M15)	2026.03.03 01:03:09 | HEARTBEAT | SYSTEM | EA alive. Tick=800 Equity=48805.76 OpenPos=1 UTC=2026.03.03 01:03 DayOfWeek=2 WeekendCloseActive=NO NewTradeBlocked=NO | 800.000000
GS	0	18:05:03.858	Cazyxio_v4.0 (EURUSD,M15)	2026.03.03 01:05:03 | HEARTBEAT | SYSTEM | EA alive. Tick=900 Equity=48867.36 OpenPos=1 UTC=2026.03.03 01:05 DayOfWeek=2 WeekendCloseActive=NO NewTradeBlocked=NO | 900.000000
LG	0	18:07:14.828	Cazyxio_v4.0 (EURUSD,M15)	2026.03.03 01:07:14 | HEARTBEAT | SYSTEM | EA alive. Tick=1000 Equity=48867.36 OpenPos=1 UTC=2026.03.03 01:07 DayOfWeek=2 WeekendCloseActive=NO NewTradeBlocked=NO | 1000.000000
RK	0	18:08:42.662	Cazyxio_v4.0 (EURUSD,M15)	2026.03.03 01:08:42 | HEARTBEAT | SYSTEM | EA alive. Tick=1100 Equity=48881.22 OpenPos=1 UTC=2026.03.03 01:08 DayOfWeek=2 WeekendCloseActive=NO NewTradeBlocked=NO | 1100.000000
KN	0	18:09:50.144	Cazyxio_v4.0 (EURUSD,M15)	2026.03.03 01:09:50 | HEARTBEAT | SYSTEM | EA alive. Tick=1200 Equity=48913.56 OpenPos=1 UTC=2026.03.03 01:09 DayOfWeek=2 WeekendCloseActive=NO NewTradeBlocked=NO | 1200.000000
OR	0	18:11:46.723	Cazyxio_v4.0 (EURUSD,M15)	2026.03.03 01:11:46 | HEARTBEAT | SYSTEM | EA alive. Tick=1300 Equity=48941.28 OpenPos=1 UTC=2026.03.03 01:11 DayOfWeek=2 WeekendCloseActive=NO NewTradeBlocked=NO | 1300.000000
CF	0	18:13:34.174	Cazyxio_v4.0 (EURUSD,M15)	2026.03.03 01:13:34 | HEARTBEAT | SYSTEM | EA alive. Tick=1400 Equity=48938.20 OpenPos=1 UTC=2026.03.03 01:13 DayOfWeek=2 WeekendCloseActive=NO NewTradeBlocked=NO | 1400.000000
NJ	0	18:15:21.016	Cazyxio_v4.0 (EURUSD,M15)	2026.03.03 01:15:21 | HEARTBEAT | SYSTEM | EA alive. Tick=1500 Equity=48915.10 OpenPos=1 UTC=2026.03.03 01:15 DayOfWeek=2 WeekendCloseActive=NO NewTradeBlocked=NO | 1500.000000
EQ	0	18:16:09.089	Cazyxio_v4.0 (EURUSD,M15)	2026.03.03 01:16:09 | HEARTBEAT | SYSTEM | EA alive. Tick=1600 Equity=49029.06 OpenPos=1 UTC=2026.03.03 01:16 DayOfWeek=2 WeekendCloseActive=NO NewTradeBlocked=NO | 1600.000000
DE	0	18:16:56.313	Cazyxio_v4.0 (EURUSD,M15)	2026.03.03 01:16:56 | HEARTBEAT | SYSTEM | EA alive. Tick=1700 Equity=49005.96 OpenPos=1 UTC=2026.03.03 01:16 DayOfWeek=2 WeekendCloseActive=NO NewTradeBlocked=NO | 1700.000000
KI	0	18:17:57.316	Cazyxio_v4.0 (EURUSD,M15)	2026.03.03 01:17:57 | HEARTBEAT | SYSTEM | EA alive. Tick=1800 Equity=48987.48 OpenPos=1 UTC=2026.03.03 01:17 DayOfWeek=2 WeekendCloseActive=NO NewTradeBlocked=NO | 1800.000000
IM	0	18:18:48.356	Cazyxio_v4.0 (EURUSD,M15)	2026.03.03 01:18:48 | HEARTBEAT | SYSTEM | EA alive. Tick=1900 Equity=49005.96 OpenPos=1 UTC=2026.03.03 01:18 DayOfWeek=2 WeekendCloseActive=NO NewTradeBlocked=NO | 1900.000000
PP	0	18:19:49.441	Cazyxio_v4.0 (EURUSD,M15)	2026.03.03 01:19:49 | HEARTBEAT | SYSTEM | EA alive. Tick=2000 Equity=49029.06 OpenPos=1 UTC=2026.03.03 01:19 DayOfWeek=2 WeekendCloseActive=NO NewTradeBlocked=NO | 2000.000000
QD	0	18:20:54.887	Cazyxio_v4.0 (EURUSD,M15)	2026.03.03 01:20:54 | HEARTBEAT | SYSTEM | EA alive. Tick=2100 Equity=49035.22 OpenPos=1 UTC=2026.03.03 01:20 DayOfWeek=2 WeekendCloseActive=NO NewTradeBlocked=NO | 2100.000000
EH	0	18:21:42.215	Cazyxio_v4.0 (EURUSD,M15)	2026.03.03 01:21:42 | HEARTBEAT | SYSTEM | EA alive. Tick=2200 Equity=49075.26 OpenPos=1 UTC=2026.03.03 01:21 DayOfWeek=2 WeekendCloseActive=NO NewTradeBlocked=NO | 2200.000000
DL	0	18:22:35.841	Cazyxio_v4.0 (EURUSD,M15)	2026.03.03 01:22:35 | HEARTBEAT | SYSTEM | EA alive. Tick=2300 Equity=49062.94 OpenPos=1 UTC=2026.03.03 01:22 DayOfWeek=2 WeekendCloseActive=NO NewTradeBlocked=NO | 2300.000000
KS	0	18:23:44.933	Cazyxio_v4.0 (EURUSD,M15)	2026.03.03 01:23:44 | HEARTBEAT | SYSTEM | EA alive. Tick=2400 Equity=49090.66 OpenPos=1 UTC=2026.03.03 01:23 DayOfWeek=2 WeekendCloseActive=NO NewTradeBlocked=NO | 2400.000000
MG	0	18:24:43.202	Cazyxio_v4.0 (EURUSD,M15)	2026.03.03 01:24:43 | HEARTBEAT | SYSTEM | EA alive. Tick=2500 Equity=49106.06 OpenPos=1 UTC=2026.03.03 01:24 DayOfWeek=2 WeekendCloseActive=NO NewTradeBlocked=NO | 2500.000000
MK	0	18:25:33.296	Cazyxio_v4.0 (EURUSD,M15)	2026.03.03 01:25:33 | HEARTBEAT | SYSTEM | EA alive. Tick=2600 Equity=49150.72 OpenPos=1 UTC=2026.03.03 01:25 DayOfWeek=2 WeekendCloseActive=NO NewTradeBlocked=NO | 2600.000000
EO	0	18:26:35.841	Cazyxio_v4.0 (EURUSD,M15)	2026.03.03 01:26:35 | HEARTBEAT | SYSTEM | EA alive. Tick=2700 Equity=49133.78 OpenPos=1 UTC=2026.03.03 01:26 DayOfWeek=2 WeekendCloseActive=NO NewTradeBlocked=NO | 2700.000000
RR	0	18:27:53.878	Cazyxio_v4.0 (EURUSD,M15)	2026.03.03 01:27:53 | HEARTBEAT | SYSTEM | EA alive. Tick=2800 Equity=49143.02 OpenPos=1 UTC=2026.03.03 01:27 DayOfWeek=2 WeekendCloseActive=NO NewTradeBlocked=NO | 2800.000000
OF	0	18:28:58.529	Cazyxio_v4.0 (EURUSD,M15)	2026.03.03 01:28:58 | HEARTBEAT | SYSTEM | EA alive. Tick=2900 Equity=49082.96 OpenPos=1 UTC=2026.03.03 01:28 DayOfWeek=2 WeekendCloseActive=NO NewTradeBlocked=NO | 2900.000000
CJ	0	18:29:53.464	Cazyxio_v4.0 (EURUSD,M15)	2026.03.03 01:29:53 | HEARTBEAT | SYSTEM | EA alive. Tick=3000 Equity=49058.32 OpenPos=1 UTC=2026.03.03 01:29 DayOfWeek=2 WeekendCloseActive=NO NewTradeBlocked=NO | 3000.000000
ON	0	18:31:01.125	Cazyxio_v4.0 (EURUSD,M15)	2026.03.03 01:31:01 | HEARTBEAT | SYSTEM | EA alive. Tick=3100 Equity=49009.04 OpenPos=1 UTC=2026.03.03 01:31 DayOfWeek=2 WeekendCloseActive=NO NewTradeBlocked=NO | 3100.000000
ME	0	18:32:26.843	Cazyxio_v4.0 (EURUSD,M15)	2026.03.03 01:32:26 | HEARTBEAT | SYSTEM | EA alive. Tick=3200 Equity=49042.92 OpenPos=1 UTC=2026.03.03 01:32 DayOfWeek=2 WeekendCloseActive=NO NewTradeBlocked=NO | 3200.000000
PI	0	18:33:41.185	Cazyxio_v4.0 (EURUSD,M15)	2026.03.03 01:33:41 | HEARTBEAT | SYSTEM | EA alive. Tick=3300 Equity=49056.78 OpenPos=1 UTC=2026.03.03 01:33 DayOfWeek=2 WeekendCloseActive=NO NewTradeBlocked=NO | 3300.000000
KM	0	18:35:13.519	Cazyxio_v4.0 (EURUSD,M15)	2026.03.03 01:35:13 | HEARTBEAT | SYSTEM | EA alive. Tick=3400 Equity=49019.82 OpenPos=1 UTC=2026.03.03 01:35 DayOfWeek=2 WeekendCloseActive=NO NewTradeBlocked=NO | 3400.000000
FQ	0	18:36:28.828	Cazyxio_v4.0 (EURUSD,M15)	2026.03.03 01:36:28 | HEARTBEAT | SYSTEM | EA alive. Tick=3500 Equity=49053.70 OpenPos=1 UTC=2026.03.03 01:36 DayOfWeek=2 WeekendCloseActive=NO NewTradeBlocked=NO | 3500.000000
DD	0	18:37:31.459	Cazyxio_v4.0 (EURUSD,M15)	2026.03.03 01:37:31 | HEARTBEAT | SYSTEM | EA alive. Tick=3600 Equity=49036.76 OpenPos=1 UTC=2026.03.03 01:37 DayOfWeek=2 WeekendCloseActive=NO NewTradeBlocked=NO | 3600.000000
IH	0	18:38:25.841	Cazyxio_v4.0 (EURUSD,M15)	2026.03.03 01:38:25 | HEARTBEAT | SYSTEM | EA alive. Tick=3700 Equity=49042.92 OpenPos=1 UTC=2026.03.03 01:38 DayOfWeek=2 WeekendCloseActive=NO NewTradeBlocked=NO | 3700.000000
OL	0	18:39:40.353	Cazyxio_v4.0 (EURUSD,M15)	2026.03.03 01:39:40 | HEARTBEAT | SYSTEM | EA alive. Tick=3800 Equity=49044.46 OpenPos=1 UTC=2026.03.03 01:39 DayOfWeek=2 WeekendCloseActive=NO NewTradeBlocked=NO | 3800.000000
MP	0	18:40:36.162	Cazyxio_v4.0 (EURUSD,M15)	2026.03.03 01:40:36 | HEARTBEAT | SYSTEM | EA alive. Tick=3900 Equity=49041.38 OpenPos=1 UTC=2026.03.03 01:40 DayOfWeek=2 WeekendCloseActive=NO NewTradeBlocked=NO | 3900.000000
PG	0	18:41:52.257	Cazyxio_v4.0 (EURUSD,M15)	2026.03.03 01:41:52 | HEARTBEAT | SYSTEM | EA alive. Tick=4000 Equity=49106.06 OpenPos=1 UTC=2026.03.03 01:41 DayOfWeek=2 WeekendCloseActive=NO NewTradeBlocked=NO | 4000.000000
JK	0	18:43:09.186	Cazyxio_v4.0 (EURUSD,M15)	2026.03.03 01:43:09 | HEARTBEAT | SYSTEM | EA alive. Tick=4100 Equity=49067.56 OpenPos=1 UTC=2026.03.03 01:43 DayOfWeek=2 WeekendCloseActive=NO NewTradeBlocked=NO | 4100.000000
GO	0	18:44:36.475	Cazyxio_v4.0 (EURUSD,M15)	2026.03.03 01:44:36 | HEARTBEAT | SYSTEM | EA alive. Tick=4200 Equity=49018.28 OpenPos=1 UTC=2026.03.03 01:44 DayOfWeek=2 WeekendCloseActive=NO NewTradeBlocked=NO | 4200.000000
QS	0	18:45:59.457	Cazyxio_v4.0 (EURUSD,M15)	2026.03.03 01:45:59 | HEARTBEAT | SYSTEM | EA alive. Tick=4300 Equity=49056.78 OpenPos=1 UTC=2026.03.03 01:45 DayOfWeek=2 WeekendCloseActive=NO NewTradeBlocked=NO | 4300.000000
KF	0	18:47:32.066	Cazyxio_v4.0 (EURUSD,M15)	2026.03.03 01:47:32 | HEARTBEAT | SYSTEM | EA alive. Tick=4400 Equity=49019.82 OpenPos=1 UTC=2026.03.03 01:47 DayOfWeek=2 WeekendCloseActive=NO NewTradeBlocked=NO | 4400.000000
EJ	0	18:49:10.685	Cazyxio_v4.0 (EURUSD,M15)	2026.03.03 01:49:10 | HEARTBEAT | SYSTEM | EA alive. Tick=4500 Equity=49022.90 OpenPos=1 UTC=2026.03.03 01:49 DayOfWeek=2 WeekendCloseActive=NO NewTradeBlocked=NO | 4500.000000
LN	0	18:50:23.231	Cazyxio_v4.0 (EURUSD,M15)	2026.03.03 01:50:23 | HEARTBEAT | SYSTEM | EA alive. Tick=4600 Equity=49029.06 OpenPos=1 UTC=2026.03.03 01:50 DayOfWeek=2 WeekendCloseActive=NO NewTradeBlocked=NO | 4600.000000
NR	0	18:51:39.587	Cazyxio_v4.0 (EURUSD,M15)	2026.03.03 01:51:39 | HEARTBEAT | SYSTEM | EA alive. Tick=4700 Equity=49012.12 OpenPos=1 UTC=2026.03.03 01:51 DayOfWeek=2 WeekendCloseActive=NO NewTradeBlocked=NO | 4700.000000
JI	0	18:53:16.916	Cazyxio_v4.0 (EURUSD,M15)	2026.03.03 01:53:16 | HEARTBEAT | SYSTEM | EA alive. Tick=4800 Equity=49015.20 OpenPos=1 UTC=2026.03.03 01:53 DayOfWeek=2 WeekendCloseActive=NO NewTradeBlocked=NO | 4800.000000
PM	0	18:54:36.732	Cazyxio_v4.0 (EURUSD,M15)	2026.03.03 01:54:36 | HEARTBEAT | SYSTEM | EA alive. Tick=4900 Equity=48969.00 OpenPos=1 UTC=2026.03.03 01:54 DayOfWeek=2 WeekendCloseActive=NO NewTradeBlocked=NO | 4900.000000
GQ	0	18:55:34.279	Cazyxio_v4.0 (EURUSD,M15)	2026.03.03 01:55:34 | HEARTBEAT | SYSTEM | EA alive. Tick=5000 Equity=48924.34 OpenPos=1 UTC=2026.03.03 01:55 DayOfWeek=2 WeekendCloseActive=NO NewTradeBlocked=NO | 5000.000000
ME	0	18:56:54.537	Cazyxio_v4.0 (EURUSD,M15)	2026.03.03 01:56:54 | HEARTBEAT | SYSTEM | EA alive. Tick=5100 Equity=48875.06 OpenPos=1 UTC=2026.03.03 01:56 DayOfWeek=2 WeekendCloseActive=NO NewTradeBlocked=NO | 5100.000000
LH	0	18:57:59.345	Cazyxio_v4.0 (EURUSD,M15)	2026.03.03 01:57:59 | HEARTBEAT | SYSTEM | EA alive. Tick=5200 Equity=48865.82 OpenPos=1 UTC=2026.03.03 01:57 DayOfWeek=2 WeekendCloseActive=NO NewTradeBlocked=NO | 5200.000000
ML	0	18:59:22.637	Cazyxio_v4.0 (EURUSD,M15)	2026.03.03 01:59:22 | HEARTBEAT | SYSTEM | EA alive. Tick=5300 Equity=48824.24 OpenPos=1 UTC=2026.03.03 01:59 DayOfWeek=2 WeekendCloseActive=NO NewTradeBlocked=NO | 5300.000000
HR	0	19:00:00.356	Cazyxio_v4.0 (EURUSD,M15)	2026.03.03 02:00:00 | SESSION_WAIT | SYSTEM | Outside session. UTC_hour=2 Sessions: 7:00-17:00 and 12:00-21:00 UTC. Waiting.
RM	0	19:00:27.526	Cazyxio_v4.0 (EURUSD,M15)	2026.03.03 02:00:27 | HEARTBEAT | SYSTEM | EA alive. Tick=5400 Equity=48750.32 OpenPos=1 UTC=2026.03.03 02:00 DayOfWeek=2 WeekendCloseActive=NO NewTradeBlocked=NO | 5400.000000
NQ	0	19:01:17.553	Cazyxio_v4.0 (EURUSD,M15)	2026.03.03 02:01:17 | HEARTBEAT | SYSTEM | EA alive. Tick=5500 Equity=48759.56 OpenPos=1 UTC=2026.03.03 02:01 DayOfWeek=2 WeekendCloseActive=NO NewTradeBlocked=NO | 5500.000000
PE	0	19:02:15.305	Cazyxio_v4.0 (EURUSD,M15)	2026.03.03 02:02:15 | HEARTBEAT | SYSTEM | EA alive. Tick=5600 Equity=48639.44 OpenPos=1 UTC=2026.03.03 02:02 DayOfWeek=2 WeekendCloseActive=NO NewTradeBlocked=NO | 5600.000000
LH	0	19:02:56.994	Cazyxio_v4.0 (EURUSD,M15)	2026.03.03 02:02:56 | HEARTBEAT | SYSTEM | EA alive. Tick=5700 Equity=48691.80 OpenPos=1 UTC=2026.03.03 02:02 DayOfWeek=2 WeekendCloseActive=NO NewTradeBlocked=NO | 5700.000000
PL	0	19:03:51.130	Cazyxio_v4.0 (EURUSD,M15)	2026.03.03 02:03:51 | HEARTBEAT | SYSTEM | EA alive. Tick=5800 Equity=48722.60 OpenPos=1 UTC=2026.03.03 02:03 DayOfWeek=2 WeekendCloseActive=NO NewTradeBlocked=NO | 5800.000000
OP	0	19:04:54.904	Cazyxio_v4.0 (EURUSD,M15)	2026.03.03 02:04:54 | HEARTBEAT | SYSTEM | EA alive. Tick=5900 Equity=48748.78 OpenPos=1 UTC=2026.03.03 02:04 DayOfWeek=2 WeekendCloseActive=NO NewTradeBlocked=NO | 5900.000000
QD	0	19:06:12.656	Cazyxio_v4.0 (EURUSD,M15)	2026.03.03 02:06:12 | HEARTBEAT | SYSTEM | EA alive. Tick=6000 Equity=48759.56 OpenPos=1 UTC=2026.03.03 02:06 DayOfWeek=2 WeekendCloseActive=NO NewTradeBlocked=NO | 6000.000000
DK	0	19:07:24.772	Cazyxio_v4.0 (EURUSD,M15)	2026.03.03 02:07:24 | HEARTBEAT | SYSTEM | EA alive. Tick=6100 Equity=48782.66 OpenPos=1 UTC=2026.03.03 02:07 DayOfWeek=2 WeekendCloseActive=NO NewTradeBlocked=NO | 6100.000000
LO	0	19:08:38.982	Cazyxio_v4.0 (EURUSD,M15)	2026.03.03 02:08:38 | HEARTBEAT | SYSTEM | EA alive. Tick=6200 Equity=48822.70 OpenPos=1 UTC=2026.03.03 02:08 DayOfWeek=2 WeekendCloseActive=NO NewTradeBlocked=NO | 6200.000000
FS	0	19:09:39.170	Cazyxio_v4.0 (EURUSD,M15)	2026.03.03 02:09:39 | HEARTBEAT | SYSTEM | EA alive. Tick=6300 Equity=48793.44 OpenPos=1 UTC=2026.03.03 02:09 DayOfWeek=2 WeekendCloseActive=NO NewTradeBlocked=NO | 6300.000000
QG	0	19:10:33.233	Cazyxio_v4.0 (EURUSD,M15)	2026.03.03 02:10:33 | HEARTBEAT | SYSTEM | EA alive. Tick=6400 Equity=48759.56 OpenPos=1 UTC=2026.03.03 02:10 DayOfWeek=2 WeekendCloseActive=NO NewTradeBlocked=NO | 6400.000000
JJ	0	19:11:40.849	Cazyxio_v4.0 (EURUSD,M15)	2026.03.03 02:11:40 | HEARTBEAT | SYSTEM | EA alive. Tick=6500 Equity=48774.96 OpenPos=1 UTC=2026.03.03 02:11 DayOfWeek=2 WeekendCloseActive=NO NewTradeBlocked=NO | 6500.000000
KN	0	19:12:52.463	Cazyxio_v4.0 (EURUSD,M15)	2026.03.03 02:12:52 | HEARTBEAT | SYSTEM | EA alive. Tick=6600 Equity=48697.96 OpenPos=1 UTC=2026.03.03 02:12 DayOfWeek=2 WeekendCloseActive=NO NewTradeBlocked=NO | 6600.000000
KR	0	19:13:52.867	Cazyxio_v4.0 (EURUSD,M15)	2026.03.03 02:13:52 | HEARTBEAT | SYSTEM | EA alive. Tick=6700 Equity=48701.04 OpenPos=1 UTC=2026.03.03 02:13 DayOfWeek=2 WeekendCloseActive=NO NewTradeBlocked=NO | 6700.000000
JF	0	19:15:07.434	Cazyxio_v4.0 (EURUSD,M15)	2026.03.03 02:15:07 | HEARTBEAT | SYSTEM | EA alive. Tick=6800 Equity=48753.40 OpenPos=1 UTC=2026.03.03 02:15 DayOfWeek=2 WeekendCloseActive=NO NewTradeBlocked=NO | 6800.000000
HM	0	19:16:10.214	Cazyxio_v4.0 (EURUSD,M15)	2026.03.03 02:16:10 | HEARTBEAT | SYSTEM | EA alive. Tick=6900 Equity=48708.74 OpenPos=1 UTC=2026.03.03 02:16 DayOfWeek=2 WeekendCloseActive=NO NewTradeBlocked=NO | 6900.000000
QQ	0	19:17:28.673	Cazyxio_v4.0 (EURUSD,M15)	2026.03.03 02:17:28 | HEARTBEAT | SYSTEM | EA alive. Tick=7000 Equity=48642.52 OpenPos=1 UTC=2026.03.03 02:17 DayOfWeek=2 WeekendCloseActive=NO NewTradeBlocked=NO | 7000.000000
IE	0	19:18:23.200	Cazyxio_v4.0 (EURUSD,M15)	2026.03.03 02:18:23 | HEARTBEAT | SYSTEM | EA alive. Tick=7100 Equity=48625.58 OpenPos=1 UTC=2026.03.03 02:18 DayOfWeek=2 WeekendCloseActive=NO NewTradeBlocked=NO | 7100.000000
KI	0	19:19:25.961	Cazyxio_v4.0 (EURUSD,M15)	2026.03.03 02:19:25 | HEARTBEAT | SYSTEM | EA alive. Tick=7200 Equity=48634.82 OpenPos=1 UTC=2026.03.03 02:19 DayOfWeek=2 WeekendCloseActive=NO NewTradeBlocked=NO | 7200.000000
LL	0	19:20:34.475	Cazyxio_v4.0 (EURUSD,M15)	2026.03.03 02:20:34 | HEARTBEAT | SYSTEM | EA alive. Tick=7300 Equity=48648.68 OpenPos=1 UTC=2026.03.03 02:20 DayOfWeek=2 WeekendCloseActive=NO NewTradeBlocked=NO | 7300.000000
OP	0	19:22:00.841	Cazyxio_v4.0 (EURUSD,M15)	2026.03.03 02:22:00 | HEARTBEAT | SYSTEM | EA alive. Tick=7400 Equity=48633.28 OpenPos=1 UTC=2026.03.03 02:22 DayOfWeek=2 WeekendCloseActive=NO NewTradeBlocked=NO | 7400.000000
FD	0	19:23:22.055	Cazyxio_v4.0 (EURUSD,M15)	2026.03.03 02:23:22 | HEARTBEAT | SYSTEM | EA alive. Tick=7500 Equity=48676.40 OpenPos=1 UTC=2026.03.03 02:23 DayOfWeek=2 WeekendCloseActive=NO NewTradeBlocked=NO | 7500.000000
NH	0	19:24:51.982	Cazyxio_v4.0 (EURUSD,M15)	2026.03.03 02:24:51 | HEARTBEAT | SYSTEM | EA alive. Tick=7600 Equity=48684.10 OpenPos=1 UTC=2026.03.03 02:24 DayOfWeek=2 WeekendCloseActive=NO NewTradeBlocked=NO | 7600.000000
CO	0	19:25:59.963	Cazyxio_v4.0 (EURUSD,M15)	2026.03.03 02:25:59 | HEARTBEAT | SYSTEM | EA alive. Tick=7700 Equity=48727.22 OpenPos=1 UTC=2026.03.03 02:25 DayOfWeek=2 WeekendCloseActive=NO NewTradeBlocked=NO | 7700.000000
GS	0	19:27:11.357	Cazyxio_v4.0 (EURUSD,M15)	2026.03.03 02:27:11 | HEARTBEAT | SYSTEM | EA alive. Tick=7800 Equity=48711.82 OpenPos=1 UTC=2026.03.03 02:27 DayOfWeek=2 WeekendCloseActive=NO NewTradeBlocked=NO | 7800.000000
IG	0	19:28:36.555	Cazyxio_v4.0 (EURUSD,M15)	2026.03.03 02:28:36 | HEARTBEAT | SYSTEM | EA alive. Tick=7900 Equity=48719.52 OpenPos=1 UTC=2026.03.03 02:28 DayOfWeek=2 WeekendCloseActive=NO NewTradeBlocked=NO | 7900.000000
KK	0	19:30:16.051	Cazyxio_v4.0 (EURUSD,M15)	2026.03.03 02:30:16 | HEARTBEAT | SYSTEM | EA alive. Tick=8000 Equity=48741.08 OpenPos=1 UTC=2026.03.03 02:30 DayOfWeek=2 WeekendCloseActive=NO NewTradeBlocked=NO | 8000.000000
NN	0	19:31:43.146	Cazyxio_v4.0 (EURUSD,M15)	2026.03.03 02:31:43 | HEARTBEAT | SYSTEM | EA alive. Tick=8100 Equity=48750.32 OpenPos=1 UTC=2026.03.03 02:31 DayOfWeek=2 WeekendCloseActive=NO NewTradeBlocked=NO | 8100.000000
QR	0	19:33:01.089	Cazyxio_v4.0 (EURUSD,M15)	2026.03.03 02:33:01 | HEARTBEAT | SYSTEM | EA alive. Tick=8200 Equity=48747.24 OpenPos=1 UTC=2026.03.03 02:33 DayOfWeek=2 WeekendCloseActive=NO NewTradeBlocked=NO | 8200.000000
PF	0	19:34:15.531	Cazyxio_v4.0 (EURUSD,M15)	2026.03.03 02:34:15 | HEARTBEAT | SYSTEM | EA alive. Tick=8300 Equity=48804.22 OpenPos=1 UTC=2026.03.03 02:34 DayOfWeek=2 WeekendCloseActive=NO NewTradeBlocked=NO | 8300.000000
CJ	0	19:35:39.815	Cazyxio_v4.0 (EURUSD,M15)	2026.03.03 02:35:39 | HEARTBEAT | SYSTEM | EA alive. Tick=8400 Equity=48796.52 OpenPos=1 UTC=2026.03.03 02:35 DayOfWeek=2 WeekendCloseActive=NO NewTradeBlocked=NO | 8400.000000
FQ	0	19:37:41.771	Cazyxio_v4.0 (EURUSD,M15)	2026.03.03 02:37:41 | HEARTBEAT | SYSTEM | EA alive. Tick=8500 Equity=48830.40 OpenPos=1 UTC=2026.03.03 02:37 DayOfWeek=2 WeekendCloseActive=NO NewTradeBlocked=NO | 8500.000000
HE	0	19:39:09.358	Cazyxio_v4.0 (EURUSD,M15)	2026.03.03 02:39:09 | HEARTBEAT | SYSTEM | EA alive. Tick=8600 Equity=48855.04 OpenPos=1 UTC=2026.03.03 02:39 DayOfWeek=2 WeekendCloseActive=NO NewTradeBlocked=NO | 8600.000000
FI	0	19:40:25.867	Cazyxio_v4.0 (EURUSD,M15)	2026.03.03 02:40:25 | HEARTBEAT | SYSTEM | EA alive. Tick=8700 Equity=48862.74 OpenPos=1 UTC=2026.03.03 02:40 DayOfWeek=2 WeekendCloseActive=NO NewTradeBlocked=NO | 8700.000000
OM	0	19:41:30.808	Cazyxio_v4.0 (EURUSD,M15)	2026.03.03 02:41:30 | HEARTBEAT | SYSTEM | EA alive. Tick=8800 Equity=48904.32 OpenPos=1 UTC=2026.03.03 02:41 DayOfWeek=2 WeekendCloseActive=NO NewTradeBlocked=NO | 8800.000000
QP	0	19:43:03.905	Cazyxio_v4.0 (EURUSD,M15)	2026.03.03 02:43:03 | HEARTBEAT | SYSTEM | EA alive. Tick=8900 Equity=48904.32 OpenPos=1 UTC=2026.03.03 02:43 DayOfWeek=2 WeekendCloseActive=NO NewTradeBlocked=NO | 8900.000000
LD	0	19:44:12.868	Cazyxio_v4.0 (EURUSD,M15)	2026.03.03 02:44:12 | HEARTBEAT | SYSTEM | EA alive. Tick=9000 Equity=48878.14 OpenPos=1 UTC=2026.03.03 02:44 DayOfWeek=2 WeekendCloseActive=NO NewTradeBlocked=NO | 9000.000000
OH	0	19:46:05.683	Cazyxio_v4.0 (EURUSD,M15)	2026.03.03 02:46:05 | HEARTBEAT | SYSTEM | EA alive. Tick=9100 Equity=48905.86 OpenPos=1 UTC=2026.03.03 02:46 DayOfWeek=2 WeekendCloseActive=NO NewTradeBlocked=NO | 9100.000000
RL	0	19:47:48.846	Cazyxio_v4.0 (EURUSD,M15)	2026.03.03 02:47:48 | HEARTBEAT | SYSTEM | EA alive. Tick=9200 Equity=48890.46 OpenPos=1 UTC=2026.03.03 02:47 DayOfWeek=2 WeekendCloseActive=NO NewTradeBlocked=NO | 9200.000000
NS	0	19:49:34.153	Cazyxio_v4.0 (EURUSD,M15)	2026.03.03 02:49:34 | HEARTBEAT | SYSTEM | EA alive. Tick=9300 Equity=48913.56 OpenPos=1 UTC=2026.03.03 02:49 DayOfWeek=2 WeekendCloseActive=NO NewTradeBlocked=NO | 9300.000000
JG	0	19:51:06.129	Cazyxio_v4.0 (EURUSD,M15)	2026.03.03 02:51:06 | HEARTBEAT | SYSTEM | EA alive. Tick=9400 Equity=48910.48 OpenPos=1 UTC=2026.03.03 02:51 DayOfWeek=2 WeekendCloseActive=NO NewTradeBlocked=NO | 9400.000000
PK	0	19:52:57.667	Cazyxio_v4.0 (EURUSD,M15)	2026.03.03 02:52:57 | HEARTBEAT | SYSTEM | EA alive. Tick=9500 Equity=48932.04 OpenPos=1 UTC=2026.03.03 02:52 DayOfWeek=2 WeekendCloseActive=NO NewTradeBlocked=NO | 9500.000000
NO	0	19:55:06.204	Cazyxio_v4.0 (EURUSD,M15)	2026.03.03 02:55:06 | HEARTBEAT | SYSTEM | EA alive. Tick=9600 Equity=48952.06 OpenPos=1 UTC=2026.03.03 02:55 DayOfWeek=2 WeekendCloseActive=NO NewTradeBlocked=NO | 9600.000000
PR	0	19:57:10.986	Cazyxio_v4.0 (EURUSD,M15)	2026.03.03 02:57:10 | HEARTBEAT | SYSTEM | EA alive. Tick=9700 Equity=48881.22 OpenPos=1 UTC=2026.03.03 02:57 DayOfWeek=2 WeekendCloseActive=NO NewTradeBlocked=NO | 9700.000000
OF	0	19:59:19.534	Cazyxio_v4.0 (EURUSD,M15)	2026.03.03 02:59:19 | HEARTBEAT | SYSTEM | EA alive. Tick=9800 Equity=48868.90 OpenPos=1 UTC=2026.03.03 02:59 DayOfWeek=2 WeekendCloseActive=NO NewTradeBlocked=NO | 9800.000000
IH	0	20:00:00.595	Cazyxio_v4.0 (EURUSD,M15)	2026.03.03 03:00:00 | SESSION_WAIT | SYSTEM | Outside session. UTC_hour=3 Sessions: 7:00-17:00 and 12:00-21:00 UTC. Waiting.
NG	0	20:01:08.256	Cazyxio_v4.0 (EURUSD,M15)	2026.03.03 03:01:08 | HEARTBEAT | SYSTEM | EA alive. Tick=9900 Equity=48928.96 OpenPos=1 UTC=2026.03.03 03:01 DayOfWeek=2 WeekendCloseActive=NO NewTradeBlocked=NO | 9900.000000
LK	0	20:03:12.775	Cazyxio_v4.0 (EURUSD,M15)	2026.03.03 03:03:12 | HEARTBEAT | SYSTEM | EA alive. Tick=10000 Equity=48956.68 OpenPos=1 UTC=2026.03.03 03:03 DayOfWeek=2 WeekendCloseActive=NO NewTradeBlocked=NO | 10000.000000
JO	0	20:05:17.201	Cazyxio_v4.0 (EURUSD,M15)	2026.03.03 03:05:17 | HEARTBEAT | SYSTEM | EA alive. Tick=10100 Equity=48927.42 OpenPos=1 UTC=2026.03.03 03:05 DayOfWeek=2 WeekendCloseActive=NO NewTradeBlocked=NO | 10100.000000
GS	0	20:07:02.545	Cazyxio_v4.0 (EURUSD,M15)	2026.03.03 03:07:02 | HEARTBEAT | SYSTEM | EA alive. Tick=10200 Equity=48904.32 OpenPos=1 UTC=2026.03.03 03:07 DayOfWeek=2 WeekendCloseActive=NO NewTradeBlocked=NO | 10200.000000
FG	0	20:09:16.068	Cazyxio_v4.0 (EURUSD,M15)	2026.03.03 03:09:16 | HEARTBEAT | SYSTEM | EA alive. Tick=10300 Equity=48876.60 OpenPos=1 UTC=2026.03.03 03:09 DayOfWeek=2 WeekendCloseActive=NO NewTradeBlocked=NO | 10300.000000
PK	0	20:11:32.077	Cazyxio_v4.0 (EURUSD,M15)	2026.03.03 03:11:32 | HEARTBEAT | SYSTEM | EA alive. Tick=10400 Equity=48856.58 OpenPos=1 UTC=2026.03.03 03:11 DayOfWeek=2 WeekendCloseActive=NO NewTradeBlocked=NO | 10400.000000
JO	0	20:13:47.460	Cazyxio_v4.0 (EURUSD,M15)	2026.03.03 03:13:47 | HEARTBEAT | SYSTEM | EA alive. Tick=10500 Equity=48847.34 OpenPos=1 UTC=2026.03.03 03:13 DayOfWeek=2 WeekendCloseActive=NO NewTradeBlocked=NO | 10500.000000
QS	0	20:16:02.010	Cazyxio_v4.0 (EURUSD,M15)	2026.03.03 03:16:02 | HEARTBEAT | SYSTEM | EA alive. Tick=10600 Equity=48888.92 OpenPos=1 UTC=2026.03.03 03:16 DayOfWeek=2 WeekendCloseActive=NO NewTradeBlocked=NO | 10600.000000
CG	0	20:18:16.540	Cazyxio_v4.0 (EURUSD,M15)	2026.03.03 03:18:16 | HEARTBEAT | SYSTEM | EA alive. Tick=10700 Equity=48890.46 OpenPos=1 UTC=2026.03.03 03:18 DayOfWeek=2 WeekendCloseActive=NO NewTradeBlocked=NO | 10700.000000
IK	0	20:19:57.100	Cazyxio_v4.0 (EURUSD,M15)	2026.03.03 03:19:57 | HEARTBEAT | SYSTEM | EA alive. Tick=10800 Equity=48859.66 OpenPos=1 UTC=2026.03.03 03:19 DayOfWeek=2 WeekendCloseActive=NO NewTradeBlocked=NO | 10800.000000
CO	0	20:21:56.866	Cazyxio_v4.0 (EURUSD,M15)	2026.03.03 03:21:56 | HEARTBEAT | SYSTEM | EA alive. Tick=10900 Equity=48839.64 OpenPos=1 UTC=2026.03.03 03:21 DayOfWeek=2 WeekendCloseActive=NO NewTradeBlocked=NO | 10900.000000
HS	0	20:23:46.672	Cazyxio_v4.0 (EURUSD,M15)	2026.03.03 03:23:46 | HEARTBEAT | SYSTEM | EA alive. Tick=11000 Equity=48847.34 OpenPos=1 UTC=2026.03.03 03:23 DayOfWeek=2 WeekendCloseActive=NO NewTradeBlocked=NO | 11000.000000
DG	0	20:27:16.925	Cazyxio_v4.0 (EURUSD,M15)	2026.03.03 03:27:16 | HEARTBEAT | SYSTEM | EA alive. Tick=11100 Equity=48799.60 OpenPos=1 UTC=2026.03.03 03:27 DayOfWeek=2 WeekendCloseActive=NO NewTradeBlocked=NO | 11100.000000
QK	0	20:29:36.614	Cazyxio_v4.0 (EURUSD,M15)	2026.03.03 03:29:36 | HEARTBEAT | SYSTEM | EA alive. Tick=11200 Equity=48782.66 OpenPos=1 UTC=2026.03.03 03:29 DayOfWeek=2 WeekendCloseActive=NO NewTradeBlocked=NO | 11200.000000
FO	0	20:31:08.822	Cazyxio_v4.0 (EURUSD,M15)	2026.03.03 03:31:08 | HEARTBEAT | SYSTEM | EA alive. Tick=11300 Equity=48810.38 OpenPos=1 UTC=2026.03.03 03:31 DayOfWeek=2 WeekendCloseActive=NO NewTradeBlocked=NO | 11300.000000
NS	0	20:33:03.873	Cazyxio_v4.0 (EURUSD,M15)	2026.03.03 03:33:03 | HEARTBEAT | SYSTEM | EA alive. Tick=11400 Equity=48828.86 OpenPos=1 UTC=2026.03.03 03:33 DayOfWeek=2 WeekendCloseActive=NO NewTradeBlocked=NO | 11400.000000
NG	0	20:35:17.794	Cazyxio_v4.0 (EURUSD,M15)	2026.03.03 03:35:17 | HEARTBEAT | SYSTEM | EA alive. Tick=11500 Equity=48855.04 OpenPos=1 UTC=2026.03.03 03:35 DayOfWeek=2 WeekendCloseActive=NO NewTradeBlocked=NO | 11500.000000
DK	0	20:37:02.348	Cazyxio_v4.0 (EURUSD,M15)	2026.03.03 03:37:02 | HEARTBEAT | SYSTEM | EA alive. Tick=11600 Equity=48945.90 OpenPos=1 UTC=2026.03.03 03:37 DayOfWeek=2 WeekendCloseActive=NO NewTradeBlocked=NO | 11600.000000
QO	0	20:39:16.586	Cazyxio_v4.0 (EURUSD,M15)	2026.03.03 03:39:16 | HEARTBEAT | SYSTEM | EA alive. Tick=11700 Equity=48972.08 OpenPos=1 UTC=2026.03.03 03:39 DayOfWeek=2 WeekendCloseActive=NO NewTradeBlocked=NO | 11700.000000
KS	0	20:41:19.402	Cazyxio_v4.0 (EURUSD,M15)	2026.03.03 03:41:19 | HEARTBEAT | SYSTEM | EA alive. Tick=11800 Equity=48964.38 OpenPos=1 UTC=2026.03.03 03:41 DayOfWeek=2 WeekendCloseActive=NO NewTradeBlocked=NO | 11800.000000
DG	0	20:43:22.876	Cazyxio_v4.0 (EURUSD,M15)	2026.03.03 03:43:22 | HEARTBEAT | SYSTEM | EA alive. Tick=11900 Equity=48958.22 OpenPos=1 UTC=2026.03.03 03:43 DayOfWeek=2 WeekendCloseActive=NO NewTradeBlocked=NO | 11900.000000
LK	0	20:45:42.110	Cazyxio_v4.0 (EURUSD,M15)	2026.03.03 03:45:42 | HEARTBEAT | SYSTEM | EA alive. Tick=12000 Equity=49004.42 OpenPos=1 UTC=2026.03.03 03:45 DayOfWeek=2 WeekendCloseActive=NO NewTradeBlocked=NO | 12000.000000
QO	0	20:47:27.167	Cazyxio_v4.0 (EURUSD,M15)	2026.03.03 03:47:27 | HEARTBEAT | SYSTEM | EA alive. Tick=12100 Equity=48969.00 OpenPos=1 UTC=2026.03.03 03:47 DayOfWeek=2 WeekendCloseActive=NO NewTradeBlocked=NO | 12100.000000
QS	0	20:49:44.815	Cazyxio_v4.0 (EURUSD,M15)	2026.03.03 03:49:44 | HEARTBEAT | SYSTEM | EA alive. Tick=12200 Equity=48958.22 OpenPos=1 UTC=2026.03.03 03:49 DayOfWeek=2 WeekendCloseActive=NO NewTradeBlocked=NO | 12200.000000
PG	0	20:51:59.723	Cazyxio_v4.0 (EURUSD,M15)	2026.03.03 03:51:59 | HEARTBEAT | SYSTEM | EA alive. Tick=12300 Equity=48933.58 OpenPos=1 UTC=2026.03.03 03:51 DayOfWeek=2 WeekendCloseActive=NO NewTradeBlocked=NO | 12300.000000
LK	0	20:54:27.483	Cazyxio_v4.0 (EURUSD,M15)	2026.03.03 03:54:27 | HEARTBEAT | SYSTEM | EA alive. Tick=12400 Equity=48944.36 OpenPos=1 UTC=2026.03.03 03:54 DayOfWeek=2 WeekendCloseActive=NO NewTradeBlocked=NO | 12400.000000
LO	0	20:56:04.820	Cazyxio_v4.0 (EURUSD,M15)	2026.03.03 03:56:04 | HEARTBEAT | SYSTEM | EA alive. Tick=12500 Equity=48950.52 OpenPos=1 UTC=2026.03.03 03:56 DayOfWeek=2 WeekendCloseActive=NO NewTradeBlocked=NO | 12500.000000
GS	0	20:58:12.941	Cazyxio_v4.0 (EURUSD,M15)	2026.03.03 03:58:12 | HEARTBEAT | SYSTEM | EA alive. Tick=12600 Equity=48925.88 OpenPos=1 UTC=2026.03.03 03:58 DayOfWeek=2 WeekendCloseActive=NO NewTradeBlocked=NO | 12600.000000
QE	0	21:00:00.880	Cazyxio_v4.0 (EURUSD,M15)	2026.03.03 04:00:00 | SESSION_WAIT | SYSTEM | Outside session. UTC_hour=4 Sessions: 7:00-17:00 and 12:00-21:00 UTC. Waiting.
OP	0	21:00:34.232	Cazyxio_v4.0 (EURUSD,M15)	2026.03.03 04:00:34 | HEARTBEAT | SYSTEM | EA alive. Tick=12700 Equity=48953.60 OpenPos=1 UTC=2026.03.03 04:00 DayOfWeek=2 WeekendCloseActive=NO NewTradeBlocked=NO | 12700.000000
ED	0	21:02:27.449	Cazyxio_v4.0 (EURUSD,M15)	2026.03.03 04:02:27 | HEARTBEAT | SYSTEM | EA alive. Tick=12800 Equity=48970.54 OpenPos=1 UTC=2026.03.03 04:02 DayOfWeek=2 WeekendCloseActive=NO NewTradeBlocked=NO | 12800.000000
NH	0	21:04:23.859	Cazyxio_v4.0 (EURUSD,M15)	2026.03.03 04:04:23 | HEARTBEAT | SYSTEM | EA alive. Tick=12900 Equity=48961.30 OpenPos=1 UTC=2026.03.03 04:04 DayOfWeek=2 WeekendCloseActive=NO NewTradeBlocked=NO | 12900.000000
DL	0	21:06:32.671	Cazyxio_v4.0 (EURUSD,M15)	2026.03.03 04:06:32 | HEARTBEAT | SYSTEM | EA alive. Tick=13000 Equity=48999.80 OpenPos=1 UTC=2026.03.03 04:06 DayOfWeek=2 WeekendCloseActive=NO NewTradeBlocked=NO | 13000.000000
HP	0	21:08:23.618	Cazyxio_v4.0 (EURUSD,M15)	2026.03.03 04:08:23 | HEARTBEAT | SYSTEM | EA alive. Tick=13100 Equity=48972.08 OpenPos=1 UTC=2026.03.03 04:08 DayOfWeek=2 WeekendCloseActive=NO NewTradeBlocked=NO | 13100.000000
MD	0	21:11:13.671	Cazyxio_v4.0 (EURUSD,M15)	2026.03.03 04:11:13 | HEARTBEAT | SYSTEM | EA alive. Tick=13200 Equity=48998.26 OpenPos=1 UTC=2026.03.03 04:11 DayOfWeek=2 WeekendCloseActive=NO NewTradeBlocked=NO | 13200.000000
MH	0	21:12:43.982	Cazyxio_v4.0 (EURUSD,M15)	2026.03.03 04:12:43 | HEARTBEAT | SYSTEM | EA alive. Tick=13300 Equity=48955.14 OpenPos=1 UTC=2026.03.03 04:12 DayOfWeek=2 WeekendCloseActive=NO NewTradeBlocked=NO | 13300.000000
HL	0	21:14:48.460	Cazyxio_v4.0 (EURUSD,M15)	2026.03.03 04:14:48 | HEARTBEAT | SYSTEM | EA alive. Tick=13400 Equity=48933.58 OpenPos=1 UTC=2026.03.03 04:14 DayOfWeek=2 WeekendCloseActive=NO NewTradeBlocked=NO | 13400.000000
PP	0	21:17:07.346	Cazyxio_v4.0 (EURUSD,M15)	2026.03.03 04:17:07 | HEARTBEAT | SYSTEM | EA alive. Tick=13500 Equity=48935.12 OpenPos=1 UTC=2026.03.03 04:17 DayOfWeek=2 WeekendCloseActive=NO NewTradeBlocked=NO | 13500.000000
PD	0	21:20:18.021	Cazyxio_v4.0 (EURUSD,M15)	2026.03.03 04:20:18 | HEARTBEAT | SYSTEM | EA alive. Tick=13600 Equity=48987.48 OpenPos=1 UTC=2026.03.03 04:20 DayOfWeek=2 WeekendCloseActive=NO NewTradeBlocked=NO | 13600.000000
LH	0	21:22:42.560	Cazyxio_v4.0 (EURUSD,M15)	2026.03.03 04:22:42 | HEARTBEAT | SYSTEM | EA alive. Tick=13700 Equity=49009.04 OpenPos=1 UTC=2026.03.03 04:22 DayOfWeek=2 WeekendCloseActive=NO NewTradeBlocked=NO | 13700.000000
CL	0	21:24:57.878	Cazyxio_v4.0 (EURUSD,M15)	2026.03.03 04:24:57 | HEARTBEAT | SYSTEM | EA alive. Tick=13800 Equity=49001.34 OpenPos=1 UTC=2026.03.03 04:24 DayOfWeek=2 WeekendCloseActive=NO NewTradeBlocked=NO | 13800.000000
JP	0	21:26:40.134	Cazyxio_v4.0 (EURUSD,M15)	2026.03.03 04:26:40 | HEARTBEAT | SYSTEM | EA alive. Tick=13900 Equity=49004.42 OpenPos=1 UTC=2026.03.03 04:26 DayOfWeek=2 WeekendCloseActive=NO NewTradeBlocked=NO | 13900.000000
KD	0	21:28:56.190	Cazyxio_v4.0 (EURUSD,M15)	2026.03.03 04:28:56 | HEARTBEAT | SYSTEM | EA alive. Tick=14000 Equity=48975.16 OpenPos=1 UTC=2026.03.03 04:28 DayOfWeek=2 WeekendCloseActive=NO NewTradeBlocked=NO | 14000.000000
HH	0	21:30:17.589	Cazyxio_v4.0 (EURUSD,M15)	2026.03.03 04:30:17 | HEARTBEAT | SYSTEM | EA alive. Tick=14100 Equity=48959.76 OpenPos=1 UTC=2026.03.03 04:30 DayOfWeek=2 WeekendCloseActive=NO NewTradeBlocked=NO | 14100.000000
NL	0	21:31:38.266	Cazyxio_v4.0 (EURUSD,M15)	2026.03.03 04:31:38 | HEARTBEAT | SYSTEM | EA alive. Tick=14200 Equity=48982.86 OpenPos=1 UTC=2026.03.03 04:31 DayOfWeek=2 WeekendCloseActive=NO NewTradeBlocked=NO | 14200.000000
DP	0	21:34:01.820	Cazyxio_v4.0 (EURUSD,M15)	2026.03.03 04:34:01 | HEARTBEAT | SYSTEM | EA alive. Tick=14300 Equity=48989.02 OpenPos=1 UTC=2026.03.03 04:34 DayOfWeek=2 WeekendCloseActive=NO NewTradeBlocked=NO | 14300.000000
GD	0	21:36:27.622	Cazyxio_v4.0 (EURUSD,M15)	2026.03.03 04:36:27 | HEARTBEAT | SYSTEM | EA alive. Tick=14400 Equity=48993.64 OpenPos=1 UTC=2026.03.03 04:36 DayOfWeek=2 WeekendCloseActive=NO NewTradeBlocked=NO | 14400.000000
FH	0	21:38:52.921	Cazyxio_v4.0 (EURUSD,M15)	2026.03.03 04:38:52 | HEARTBEAT | SYSTEM | EA alive. Tick=14500 Equity=48948.98 OpenPos=1 UTC=2026.03.03 04:38 DayOfWeek=2 WeekendCloseActive=NO NewTradeBlocked=NO | 14500.000000
CL	0	21:41:17.727	Cazyxio_v4.0 (EURUSD,M15)	2026.03.03 04:41:17 | HEARTBEAT | SYSTEM | EA alive. Tick=14600 Equity=48962.84 OpenPos=1 UTC=2026.03.03 04:41 DayOfWeek=2 WeekendCloseActive=NO NewTradeBlocked=NO | 14600.000000
NP	0	21:43:08.215	Cazyxio_v4.0 (EURUSD,M15)	2026.03.03 04:43:08 | HEARTBEAT | SYSTEM | EA alive. Tick=14700 Equity=48975.16 OpenPos=1 UTC=2026.03.03 04:43 DayOfWeek=2 WeekendCloseActive=NO NewTradeBlocked=NO | 14700.000000
OD	0	21:45:30.997	Cazyxio_v4.0 (EURUSD,M15)	2026.03.03 04:45:30 | HEARTBEAT | SYSTEM | EA alive. Tick=14800 Equity=48955.14 OpenPos=1 UTC=2026.03.03 04:45 DayOfWeek=2 WeekendCloseActive=NO NewTradeBlocked=NO | 14800.000000
QH	0	21:47:11.917	Cazyxio_v4.0 (EURUSD,M15)	2026.03.03 04:47:11 | HEARTBEAT | SYSTEM | EA alive. Tick=14900 Equity=48956.68 OpenPos=1 UTC=2026.03.03 04:47 DayOfWeek=2 WeekendCloseActive=NO NewTradeBlocked=NO | 14900.000000
ML	0	21:48:35.972	Cazyxio_v4.0 (EURUSD,M15)	2026.03.03 04:48:35 | HEARTBEAT | SYSTEM | EA alive. Tick=15000 Equity=48904.32 OpenPos=1 UTC=2026.03.03 04:48 DayOfWeek=2 WeekendCloseActive=NO NewTradeBlocked=NO | 15000.000000
FP	0	21:50:45.704	Cazyxio_v4.0 (EURUSD,M15)	2026.03.03 04:50:45 | HEARTBEAT | SYSTEM | EA alive. Tick=15100 Equity=48890.46 OpenPos=1 UTC=2026.03.03 04:50 DayOfWeek=2 WeekendCloseActive=NO NewTradeBlocked=NO | 15100.000000
GD	0	21:52:04.604	Cazyxio_v4.0 (EURUSD,M15)	2026.03.03 04:52:04 | HEARTBEAT | SYSTEM | EA alive. Tick=15200 Equity=48884.30 OpenPos=1 UTC=2026.03.03 04:52 DayOfWeek=2 WeekendCloseActive=NO NewTradeBlocked=NO | 15200.000000
OH	0	21:54:02.183	Cazyxio_v4.0 (EURUSD,M15)	2026.03.03 04:54:02 | HEARTBEAT | SYSTEM | EA alive. Tick=15300 Equity=48881.22 OpenPos=1 UTC=2026.03.03 04:54 DayOfWeek=2 WeekendCloseActive=NO NewTradeBlocked=NO | 15300.000000
KL	0	21:55:39.023	Cazyxio_v4.0 (EURUSD,M15)	2026.03.03 04:55:39 | HEARTBEAT | SYSTEM | EA alive. Tick=15400 Equity=48899.70 OpenPos=1 UTC=2026.03.03 04:55 DayOfWeek=2 WeekendCloseActive=NO NewTradeBlocked=NO | 15400.000000
CP	0	21:57:35.597	Cazyxio_v4.0 (EURUSD,M15)	2026.03.03 04:57:35 | HEARTBEAT | SYSTEM | EA alive. Tick=15500 Equity=48871.98 OpenPos=1 UTC=2026.03.03 04:57 DayOfWeek=2 WeekendCloseActive=NO NewTradeBlocked=NO | 15500.000000
GD	0	21:59:20.763	Cazyxio_v4.0 (EURUSD,M15)	2026.03.03 04:59:20 | HEARTBEAT | SYSTEM | EA alive. Tick=15600 Equity=48867.36 OpenPos=1 UTC=2026.03.03 04:59 DayOfWeek=2 WeekendCloseActive=NO NewTradeBlocked=NO | 15600.000000
PJ	0	22:00:01.194	Cazyxio_v4.0 (EURUSD,M15)	2026.03.03 05:00:01 | SESSION_WAIT | SYSTEM | Outside session. UTC_hour=5 Sessions: 7:00-17:00 and 12:00-21:00 UTC. Waiting.
FE	0	22:00:34.079	Cazyxio_v4.0 (EURUSD,M15)	2026.03.03 05:00:34 | HEARTBEAT | SYSTEM | EA alive. Tick=15700 Equity=48855.04 OpenPos=1 UTC=2026.03.03 05:00 DayOfWeek=2 WeekendCloseActive=NO NewTradeBlocked=NO | 15700.000000
OI	0	22:02:19.888	Cazyxio_v4.0 (EURUSD,M15)	2026.03.03 05:02:19 | HEARTBEAT | SYSTEM | EA alive. Tick=15800 Equity=48884.30 OpenPos=1 UTC=2026.03.03 05:02 DayOfWeek=2 WeekendCloseActive=NO NewTradeBlocked=NO | 15800.000000
NM	0	22:03:44.805	Cazyxio_v4.0 (EURUSD,M15)	2026.03.03 05:03:44 | HEARTBEAT | SYSTEM | EA alive. Tick=15900 Equity=48841.18 OpenPos=1 UTC=2026.03.03 05:03 DayOfWeek=2 WeekendCloseActive=NO NewTradeBlocked=NO | 15900.000000
CQ	0	22:05:31.825	Cazyxio_v4.0 (EURUSD,M15)	2026.03.03 05:05:31 | HEARTBEAT | SYSTEM | EA alive. Tick=16000 Equity=48842.72 OpenPos=1 UTC=2026.03.03 05:05 DayOfWeek=2 WeekendCloseActive=NO NewTradeBlocked=NO | 16000.000000
LE	0	22:07:35.988	Cazyxio_v4.0 (EURUSD,M15)	2026.03.03 05:07:35 | HEARTBEAT | SYSTEM | EA alive. Tick=16100 Equity=48858.12 OpenPos=1 UTC=2026.03.03 05:07 DayOfWeek=2 WeekendCloseActive=NO NewTradeBlocked=NO | 16100.000000
NI	0	22:09:46.122	Cazyxio_v4.0 (EURUSD,M15)	2026.03.03 05:09:46 | HEARTBEAT | SYSTEM | EA alive. Tick=16200 Equity=48905.86 OpenPos=1 UTC=2026.03.03 05:09 DayOfWeek=2 WeekendCloseActive=NO NewTradeBlocked=NO | 16200.000000
HM	0	22:11:10.874	Cazyxio_v4.0 (EURUSD,M15)	2026.03.03 05:11:10 | HEARTBEAT | SYSTEM | EA alive. Tick=16300 Equity=48868.90 OpenPos=1 UTC=2026.03.03 05:11 DayOfWeek=2 WeekendCloseActive=NO NewTradeBlocked=NO | 16300.000000
EQ	0	22:12:59.963	Cazyxio_v4.0 (EURUSD,M15)	2026.03.03 05:12:59 | HEARTBEAT | SYSTEM | EA alive. Tick=16400 Equity=48887.38 OpenPos=1 UTC=2026.03.03 05:12 DayOfWeek=2 WeekendCloseActive=NO NewTradeBlocked=NO | 16400.000000
QE	0	22:15:01.051	Cazyxio_v4.0 (EURUSD,M15)	2026.03.03 05:15:01 | HEARTBEAT | SYSTEM | EA alive. Tick=16500 Equity=48876.60 OpenPos=1 UTC=2026.03.03 05:15 DayOfWeek=2 WeekendCloseActive=NO NewTradeBlocked=NO | 16500.000000
MI	0	22:16:41.624	Cazyxio_v4.0 (EURUSD,M15)	2026.03.03 05:16:41 | HEARTBEAT | SYSTEM | EA alive. Tick=16600 Equity=48928.96 OpenPos=1 UTC=2026.03.03 05:16 DayOfWeek=2 WeekendCloseActive=NO NewTradeBlocked=NO | 16600.000000
JM	0	22:18:27.261	Cazyxio_v4.0 (EURUSD,M15)	2026.03.03 05:18:27 | HEARTBEAT | SYSTEM | EA alive. Tick=16700 Equity=48947.44 OpenPos=1 UTC=2026.03.03 05:18 DayOfWeek=2 WeekendCloseActive=NO NewTradeBlocked=NO | 16700.000000
LQ	0	22:19:56.286	Cazyxio_v4.0 (EURUSD,M15)	2026.03.03 05:19:56 | HEARTBEAT | SYSTEM | EA alive. Tick=16800 Equity=48955.14 OpenPos=1 UTC=2026.03.03 05:19 DayOfWeek=2 WeekendCloseActive=NO NewTradeBlocked=NO | 16800.000000
HE	0	22:21:18.902	Cazyxio_v4.0 (EURUSD,M15)	2026.03.03 05:21:18 | HEARTBEAT | SYSTEM | EA alive. Tick=16900 Equity=48932.04 OpenPos=1 UTC=2026.03.03 05:21 DayOfWeek=2 WeekendCloseActive=NO NewTradeBlocked=NO | 16900.000000
OI	0	22:22:59.786	Cazyxio_v4.0 (EURUSD,M15)	2026.03.03 05:22:59 | HEARTBEAT | SYSTEM | EA alive. Tick=17000 Equity=48902.78 OpenPos=1 UTC=2026.03.03 05:22 DayOfWeek=2 WeekendCloseActive=NO NewTradeBlocked=NO | 17000.000000
LM	0	22:24:07.724	Cazyxio_v4.0 (EURUSD,M15)	2026.03.03 05:24:07 | HEARTBEAT | SYSTEM | EA alive. Tick=17100 Equity=48899.70 OpenPos=1 UTC=2026.03.03 05:24 DayOfWeek=2 WeekendCloseActive=NO NewTradeBlocked=NO | 17100.000000
DQ	0	22:25:43.056	Cazyxio_v4.0 (EURUSD,M15)	2026.03.03 05:25:43 | HEARTBEAT | SYSTEM | EA alive. Tick=17200 Equity=48919.72 OpenPos=1 UTC=2026.03.03 05:25 DayOfWeek=2 WeekendCloseActive=NO NewTradeBlocked=NO | 17200.000000
GE	0	22:27:43.018	Cazyxio_v4.0 (EURUSD,M15)	2026.03.03 05:27:43 | HEARTBEAT | SYSTEM | EA alive. Tick=17300 Equity=48885.84 OpenPos=1 UTC=2026.03.03 05:27 DayOfWeek=2 WeekendCloseActive=NO NewTradeBlocked=NO | 17300.000000
NI	0	22:29:01.850	Cazyxio_v4.0 (EURUSD,M15)	2026.03.03 05:29:01 | HEARTBEAT | SYSTEM | EA alive. Tick=17400 Equity=48867.36 OpenPos=1 UTC=2026.03.03 05:29 DayOfWeek=2 WeekendCloseActive=NO NewTradeBlocked=NO | 17400.000000
HM	0	22:30:57.241	Cazyxio_v4.0 (EURUSD,M15)	2026.03.03 05:30:57 | HEARTBEAT | SYSTEM | EA alive. Tick=17500 Equity=48864.28 OpenPos=1 UTC=2026.03.03 05:30 DayOfWeek=2 WeekendCloseActive=NO NewTradeBlocked=NO | 17500.000000
JQ	0	22:32:28.228	Cazyxio_v4.0 (EURUSD,M15)	2026.03.03 05:32:28 | HEARTBEAT | SYSTEM | EA alive. Tick=17600 Equity=48822.70 OpenPos=1 UTC=2026.03.03 05:32 DayOfWeek=2 WeekendCloseActive=NO NewTradeBlocked=NO | 17600.000000
OE	0	22:33:54.616	Cazyxio_v4.0 (EURUSD,M15)	2026.03.03 05:33:54 | HEARTBEAT | SYSTEM | EA alive. Tick=17700 Equity=48807.30 OpenPos=1 UTC=2026.03.03 05:33 DayOfWeek=2 WeekendCloseActive=NO NewTradeBlocked=NO | 17700.000000
PI	0	22:35:11.436	Cazyxio_v4.0 (EURUSD,M15)	2026.03.03 05:35:11 | HEARTBEAT | SYSTEM | EA alive. Tick=17800 Equity=48774.96 OpenPos=1 UTC=2026.03.03 05:35 DayOfWeek=2 WeekendCloseActive=NO NewTradeBlocked=NO | 17800.000000
HM	0	22:36:19.818	Cazyxio_v4.0 (EURUSD,M15)	2026.03.03 05:36:19 | HEARTBEAT | SYSTEM | EA alive. Tick=17900 Equity=48744.16 OpenPos=1 UTC=2026.03.03 05:36 DayOfWeek=2 WeekendCloseActive=NO NewTradeBlocked=NO | 17900.000000
KQ	0	22:37:26.707	Cazyxio_v4.0 (EURUSD,M15)	2026.03.03 05:37:26 | HEARTBEAT | SYSTEM | EA alive. Tick=18000 Equity=48681.02 OpenPos=1 UTC=2026.03.03 05:37 DayOfWeek=2 WeekendCloseActive=NO NewTradeBlocked=NO | 18000.000000
RE	0	22:38:30.969	Cazyxio_v4.0 (EURUSD,M15)	2026.03.03 05:38:30 | HEARTBEAT | SYSTEM | EA alive. Tick=18100 Equity=48650.22 OpenPos=1 UTC=2026.03.03 05:38 DayOfWeek=2 WeekendCloseActive=NO NewTradeBlocked=NO | 18100.000000
RI	0	22:39:41.407	Cazyxio_v4.0 (EURUSD,M15)	2026.03.03 05:39:41 | HEARTBEAT | SYSTEM | EA alive. Tick=18200 Equity=48642.52 OpenPos=1 UTC=2026.03.03 05:39 DayOfWeek=2 WeekendCloseActive=NO NewTradeBlocked=NO | 18200.000000
NM	0	22:40:33.973	Cazyxio_v4.0 (EURUSD,M15)	2026.03.03 05:40:33 | HEARTBEAT | SYSTEM | EA alive. Tick=18300 Equity=48611.72 OpenPos=1 UTC=2026.03.03 05:40 DayOfWeek=2 WeekendCloseActive=NO NewTradeBlocked=NO | 18300.000000
OQ	0	22:41:32.433	Cazyxio_v4.0 (EURUSD,M15)	2026.03.03 05:41:32 | HEARTBEAT | SYSTEM | EA alive. Tick=18400 Equity=48625.58 OpenPos=1 UTC=2026.03.03 05:41 DayOfWeek=2 WeekendCloseActive=NO NewTradeBlocked=NO | 18400.000000
OE	0	22:42:31.920	Cazyxio_v4.0 (EURUSD,M15)	2026.03.03 05:42:31 | HEARTBEAT | SYSTEM | EA alive. Tick=18500 Equity=48617.88 OpenPos=1 UTC=2026.03.03 05:42 DayOfWeek=2 WeekendCloseActive=NO NewTradeBlocked=NO | 18500.000000
LI	0	22:43:29.914	Cazyxio_v4.0 (EURUSD,M15)	2026.03.03 05:43:29 | HEARTBEAT | SYSTEM | EA alive. Tick=18600 Equity=48611.72 OpenPos=1 UTC=2026.03.03 05:43 DayOfWeek=2 WeekendCloseActive=NO NewTradeBlocked=NO | 18600.000000
OM	0	22:44:39.897	Cazyxio_v4.0 (EURUSD,M15)	2026.03.03 05:44:39 | HEARTBEAT | SYSTEM | EA alive. Tick=18700 Equity=48634.82 OpenPos=1 UTC=2026.03.03 05:44 DayOfWeek=2 WeekendCloseActive=NO NewTradeBlocked=NO | 18700.000000
QQ	0	22:45:43.055	Cazyxio_v4.0 (EURUSD,M15)	2026.03.03 05:45:43 | HEARTBEAT | SYSTEM | EA alive. Tick=18800 Equity=48656.38 OpenPos=1 UTC=2026.03.03 05:45 DayOfWeek=2 WeekendCloseActive=NO NewTradeBlocked=NO | 18800.000000
RE	0	22:47:00.782	Cazyxio_v4.0 (EURUSD,M15)	2026.03.03 05:47:00 | HEARTBEAT | SYSTEM | EA alive. Tick=18900 Equity=48647.14 OpenPos=1 UTC=2026.03.03 05:47 DayOfWeek=2 WeekendCloseActive=NO NewTradeBlocked=NO | 18900.000000
NI	0	22:48:03.886	Cazyxio_v4.0 (EURUSD,M15)	2026.03.03 05:48:03 | HEARTBEAT | SYSTEM | EA alive. Tick=19000 Equity=48627.12 OpenPos=1 UTC=2026.03.03 05:48 DayOfWeek=2 WeekendCloseActive=NO NewTradeBlocked=NO | 19000.000000
QM	0	22:48:54.816	Cazyxio_v4.0 (EURUSD,M15)	2026.03.03 05:48:54 | HEARTBEAT | SYSTEM | EA alive. Tick=19100 Equity=48608.64 OpenPos=1 UTC=2026.03.03 05:48 DayOfWeek=2 WeekendCloseActive=NO NewTradeBlocked=NO | 19100.000000
KQ	0	22:50:09.456	Cazyxio_v4.0 (EURUSD,M15)	2026.03.03 05:50:09 | HEARTBEAT | SYSTEM | EA alive. Tick=19200 Equity=48614.80 OpenPos=1 UTC=2026.03.03 05:50 DayOfWeek=2 WeekendCloseActive=NO NewTradeBlocked=NO | 19200.000000
LE	0	22:51:16.632	Cazyxio_v4.0 (EURUSD,M15)	2026.03.03 05:51:16 | HEARTBEAT | SYSTEM | EA alive. Tick=19300 Equity=48614.80 OpenPos=1 UTC=2026.03.03 05:51 DayOfWeek=2 WeekendCloseActive=NO NewTradeBlocked=NO | 19300.000000
MI	0	22:52:40.404	Cazyxio_v4.0 (EURUSD,M15)	2026.03.03 05:52:40 | HEARTBEAT | SYSTEM | EA alive. Tick=19400 Equity=48639.44 OpenPos=1 UTC=2026.03.03 05:52 DayOfWeek=2 WeekendCloseActive=NO NewTradeBlocked=NO | 19400.000000
GM	0	22:53:48.147	Cazyxio_v4.0 (EURUSD,M15)	2026.03.03 05:53:48 | HEARTBEAT | SYSTEM | EA alive. Tick=19500 Equity=48645.60 OpenPos=1 UTC=2026.03.03 05:53 DayOfWeek=2 WeekendCloseActive=NO NewTradeBlocked=NO | 19500.000000
NQ	0	22:54:50.720	Cazyxio_v4.0 (EURUSD,M15)	2026.03.03 05:54:50 | HEARTBEAT | SYSTEM | EA alive. Tick=19600 Equity=48610.18 OpenPos=1 UTC=2026.03.03 05:54 DayOfWeek=2 WeekendCloseActive=NO NewTradeBlocked=NO | 19600.000000
HE	0	22:56:04.036	Cazyxio_v4.0 (EURUSD,M15)	2026.03.03 05:56:04 | HEARTBEAT | SYSTEM | EA alive. Tick=19700 Equity=48587.08 OpenPos=1 UTC=2026.03.03 05:56 DayOfWeek=2 WeekendCloseActive=NO NewTradeBlocked=NO | 19700.000000
NI	0	22:57:01.069	Cazyxio_v4.0 (EURUSD,M15)	2026.03.03 05:57:01 | HEARTBEAT | SYSTEM | EA alive. Tick=19800 Equity=48630.20 OpenPos=1 UTC=2026.03.03 05:57 DayOfWeek=2 WeekendCloseActive=NO NewTradeBlocked=NO | 19800.000000
DM	0	22:58:00.961	Cazyxio_v4.0 (EURUSD,M15)	2026.03.03 05:58:00 | HEARTBEAT | SYSTEM | EA alive. Tick=19900 Equity=48611.72 OpenPos=1 UTC=2026.03.03 05:58 DayOfWeek=2 WeekendCloseActive=NO NewTradeBlocked=NO | 19900.000000
GQ	0	22:59:34.354	Cazyxio_v4.0 (EURUSD,M15)	2026.03.03 05:59:34 | HEARTBEAT | SYSTEM | EA alive. Tick=20000 Equity=48620.96 OpenPos=1 UTC=2026.03.03 05:59 DayOfWeek=2 WeekendCloseActive=NO NewTradeBlocked=NO | 20000.000000
QG	0	23:00:01.219	Cazyxio_v4.0 (EURUSD,M15)	2026.03.03 06:00:01 | SESSION_WAIT | SYSTEM | Outside session. UTC_hour=6 Sessions: 7:00-17:00 and 12:00-21:00 UTC. Waiting.
IO	0	23:00:37.262	Cazyxio_v4.0 (EURUSD,M15)	2026.03.03 06:00:37 | HEARTBEAT | SYSTEM | EA alive. Tick=20100 Equity=48628.66 OpenPos=1 UTC=2026.03.03 06:00 DayOfWeek=2 WeekendCloseActive=NO NewTradeBlocked=NO | 20100.000000
HS	0	23:01:46.694	Cazyxio_v4.0 (EURUSD,M15)	2026.03.03 06:01:46 | HEARTBEAT | SYSTEM | EA alive. Tick=20200 Equity=48650.22 OpenPos=1 UTC=2026.03.03 06:01 DayOfWeek=2 WeekendCloseActive=NO NewTradeBlocked=NO | 20200.000000
RG	0	23:03:06.792	Cazyxio_v4.0 (EURUSD,M15)	2026.03.03 06:03:06 | HEARTBEAT | SYSTEM | EA alive. Tick=20300 Equity=48608.64 OpenPos=1 UTC=2026.03.03 06:03 DayOfWeek=2 WeekendCloseActive=NO NewTradeBlocked=NO | 20300.000000
KK	0	23:04:02.462	Cazyxio_v4.0 (EURUSD,M15)	2026.03.03 06:04:02 | HEARTBEAT | SYSTEM | EA alive. Tick=20400 Equity=48613.26 OpenPos=1 UTC=2026.03.03 06:04 DayOfWeek=2 WeekendCloseActive=NO NewTradeBlocked=NO | 20400.000000
IO	0	23:05:02.727	Cazyxio_v4.0 (EURUSD,M15)	2026.03.03 06:05:02 | HEARTBEAT | SYSTEM | EA alive. Tick=20500 Equity=48582.46 OpenPos=1 UTC=2026.03.03 06:05 DayOfWeek=2 WeekendCloseActive=NO NewTradeBlocked=NO | 20500.000000
OS	0	23:05:50.796	Cazyxio_v4.0 (EURUSD,M15)	2026.03.03 06:05:50 | HEARTBEAT | SYSTEM | EA alive. Tick=20600 Equity=48568.60 OpenPos=1 UTC=2026.03.03 06:05 DayOfWeek=2 WeekendCloseActive=NO NewTradeBlocked=NO | 20600.000000
LG	0	23:06:29.882	Cazyxio_v4.0 (EURUSD,M15)	2026.03.03 06:06:29 | HEARTBEAT | SYSTEM | EA alive. Tick=20700 Equity=48551.66 OpenPos=1 UTC=2026.03.03 06:06 DayOfWeek=2 WeekendCloseActive=NO NewTradeBlocked=NO | 20700.000000
JK	0	23:07:26.818	Cazyxio_v4.0 (EURUSD,M15)	2026.03.03 06:07:26 | HEARTBEAT | SYSTEM | EA alive. Tick=20800 Equity=48543.96 OpenPos=1 UTC=2026.03.03 06:07 DayOfWeek=2 WeekendCloseActive=NO NewTradeBlocked=NO | 20800.000000
OO	0	23:08:47.668	Cazyxio_v4.0 (EURUSD,M15)	2026.03.03 06:08:47 | HEARTBEAT | SYSTEM | EA alive. Tick=20900 Equity=48513.16 OpenPos=1 UTC=2026.03.03 06:08 DayOfWeek=2 WeekendCloseActive=NO NewTradeBlocked=NO | 20900.000000
GS	0	23:09:54.275	Cazyxio_v4.0 (EURUSD,M15)	2026.03.03 06:09:54 | HEARTBEAT | SYSTEM | EA alive. Tick=21000 Equity=48563.98 OpenPos=1 UTC=2026.03.03 06:09 DayOfWeek=2 WeekendCloseActive=NO NewTradeBlocked=NO | 21000.000000
QG	0	23:11:23.295	Cazyxio_v4.0 (EURUSD,M15)	2026.03.03 06:11:23 | HEARTBEAT | SYSTEM | EA alive. Tick=21100 Equity=48528.56 OpenPos=1 UTC=2026.03.03 06:11 DayOfWeek=2 WeekendCloseActive=NO NewTradeBlocked=NO | 21100.000000
CK	0	23:12:24.901	Cazyxio_v4.0 (EURUSD,M15)	2026.03.03 06:12:24 | HEARTBEAT | SYSTEM | EA alive. Tick=21200 Equity=48554.74 OpenPos=1 UTC=2026.03.03 06:12 DayOfWeek=2 WeekendCloseActive=NO NewTradeBlocked=NO | 21200.000000
KO	0	23:13:23.373	Cazyxio_v4.0 (EURUSD,M15)	2026.03.03 06:13:23 | HEARTBEAT | SYSTEM | EA alive. Tick=21300 Equity=48545.50 OpenPos=1 UTC=2026.03.03 06:13 DayOfWeek=2 WeekendCloseActive=NO NewTradeBlocked=NO | 21300.000000
DS	0	23:14:24.670	Cazyxio_v4.0 (EURUSD,M15)	2026.03.03 06:14:24 | HEARTBEAT | SYSTEM | EA alive. Tick=21400 Equity=48523.94 OpenPos=1 UTC=2026.03.03 06:14 DayOfWeek=2 WeekendCloseActive=NO NewTradeBlocked=NO | 21400.000000
EG	0	23:15:25.294	Cazyxio_v4.0 (EURUSD,M15)	2026.03.03 06:15:25 | HEARTBEAT | SYSTEM | EA alive. Tick=21500 Equity=48542.42 OpenPos=1 UTC=2026.03.03 06:15 DayOfWeek=2 WeekendCloseActive=NO NewTradeBlocked=NO | 21500.000000
JK	0	23:16:45.079	Cazyxio_v4.0 (EURUSD,M15)	2026.03.03 06:16:45 | HEARTBEAT | SYSTEM | EA alive. Tick=21600 Equity=48505.46 OpenPos=1 UTC=2026.03.03 06:16 DayOfWeek=2 WeekendCloseActive=NO NewTradeBlocked=NO | 21600.000000
PO	0	23:17:56.961	Cazyxio_v4.0 (EURUSD,M15)	2026.03.03 06:17:56 | HEARTBEAT | SYSTEM | EA alive. Tick=21700 Equity=48520.86 OpenPos=1 UTC=2026.03.03 06:17 DayOfWeek=2 WeekendCloseActive=NO NewTradeBlocked=NO | 21700.000000
GS	0	23:19:29.033	Cazyxio_v4.0 (EURUSD,M15)	2026.03.03 06:19:29 | HEARTBEAT | SYSTEM | EA alive. Tick=21800 Equity=48513.16 OpenPos=1 UTC=2026.03.03 06:19 DayOfWeek=2 WeekendCloseActive=NO NewTradeBlocked=NO | 21800.000000
JG	0	23:20:59.787	Cazyxio_v4.0 (EURUSD,M15)	2026.03.03 06:20:59 | HEARTBEAT | SYSTEM | EA alive. Tick=21900 Equity=48511.62 OpenPos=1 UTC=2026.03.03 06:20 DayOfWeek=2 WeekendCloseActive=NO NewTradeBlocked=NO | 21900.000000
JK	0	23:22:00.388	Cazyxio_v4.0 (EURUSD,M15)	2026.03.03 06:22:00 | HEARTBEAT | SYSTEM | EA alive. Tick=22000 Equity=48539.34 OpenPos=1 UTC=2026.03.03 06:22 DayOfWeek=2 WeekendCloseActive=NO NewTradeBlocked=NO | 22000.000000
RO	0	23:23:35.146	Cazyxio_v4.0 (EURUSD,M15)	2026.03.03 06:23:35 | HEARTBEAT | SYSTEM | EA alive. Tick=22100 Equity=48563.98 OpenPos=1 UTC=2026.03.03 06:23 DayOfWeek=2 WeekendCloseActive=NO NewTradeBlocked=NO | 22100.000000
DS	0	23:25:02.509	Cazyxio_v4.0 (EURUSD,M15)	2026.03.03 06:25:02 | HEARTBEAT | SYSTEM | EA alive. Tick=22200 Equity=48580.92 OpenPos=1 UTC=2026.03.03 06:25 DayOfWeek=2 WeekendCloseActive=NO NewTradeBlocked=NO | 22200.000000
NG	0	23:26:13.385	Cazyxio_v4.0 (EURUSD,M15)	2026.03.03 06:26:13 | HEARTBEAT | SYSTEM | EA alive. Tick=22300 Equity=48582.46 OpenPos=1 UTC=2026.03.03 06:26 DayOfWeek=2 WeekendCloseActive=NO NewTradeBlocked=NO | 22300.000000
DK	0	23:27:18.041	Cazyxio_v4.0 (EURUSD,M15)	2026.03.03 06:27:18 | HEARTBEAT | SYSTEM | EA alive. Tick=22400 Equity=48571.68 OpenPos=1 UTC=2026.03.03 06:27 DayOfWeek=2 WeekendCloseActive=NO NewTradeBlocked=NO | 22400.000000
LO	0	23:28:44.229	Cazyxio_v4.0 (EURUSD,M15)	2026.03.03 06:28:44 | HEARTBEAT | SYSTEM | EA alive. Tick=22500 Equity=48636.36 OpenPos=1 UTC=2026.03.03 06:28 DayOfWeek=2 WeekendCloseActive=NO NewTradeBlocked=NO | 22500.000000
NS	0	23:29:54.840	Cazyxio_v4.0 (EURUSD,M15)	2026.03.03 06:29:54 | HEARTBEAT | SYSTEM | EA alive. Tick=22600 Equity=48604.02 OpenPos=1 UTC=2026.03.03 06:29 DayOfWeek=2 WeekendCloseActive=NO NewTradeBlocked=NO | 22600.000000
JG	0	23:30:55.492	Cazyxio_v4.0 (EURUSD,M15)	2026.03.03 06:30:55 | HEARTBEAT | SYSTEM | EA alive. Tick=22700 Equity=48630.20 OpenPos=1 UTC=2026.03.03 06:30 DayOfWeek=2 WeekendCloseActive=NO NewTradeBlocked=NO | 22700.000000
CK	0	23:32:25.137	Cazyxio_v4.0 (EURUSD,M15)	2026.03.03 06:32:25 | HEARTBEAT | SYSTEM | EA alive. Tick=22800 Equity=48602.48 OpenPos=1 UTC=2026.03.03 06:32 DayOfWeek=2 WeekendCloseActive=NO NewTradeBlocked=NO | 22800.000000
IO	0	23:33:31.836	Cazyxio_v4.0 (EURUSD,M15)	2026.03.03 06:33:31 | HEARTBEAT | SYSTEM | EA alive. Tick=22900 Equity=48594.78 OpenPos=1 UTC=2026.03.03 06:33 DayOfWeek=2 WeekendCloseActive=NO NewTradeBlocked=NO | 22900.000000
OS	0	23:34:53.987	Cazyxio_v4.0 (EURUSD,M15)	2026.03.03 06:34:53 | HEARTBEAT | SYSTEM | EA alive. Tick=23000 Equity=48573.22 OpenPos=1 UTC=2026.03.03 06:34 DayOfWeek=2 WeekendCloseActive=NO NewTradeBlocked=NO | 23000.000000
PG	0	23:35:53.289	Cazyxio_v4.0 (EURUSD,M15)	2026.03.03 06:35:53 | HEARTBEAT | SYSTEM | EA alive. Tick=23100 Equity=48548.58 OpenPos=1 UTC=2026.03.03 06:35 DayOfWeek=2 WeekendCloseActive=NO NewTradeBlocked=NO | 23100.000000
QK	0	23:36:57.457	Cazyxio_v4.0 (EURUSD,M15)	2026.03.03 06:36:57 | HEARTBEAT | SYSTEM | EA alive. Tick=23200 Equity=48545.50 OpenPos=1 UTC=2026.03.03 06:36 DayOfWeek=2 WeekendCloseActive=NO NewTradeBlocked=NO | 23200.000000
NO	0	23:37:53.253	Cazyxio_v4.0 (EURUSD,M15)	2026.03.03 06:37:53 | HEARTBEAT | SYSTEM | EA alive. Tick=23300 Equity=48554.74 OpenPos=1 UTC=2026.03.03 06:37 DayOfWeek=2 WeekendCloseActive=NO NewTradeBlocked=NO | 23300.000000
JS	0	23:38:45.700	Cazyxio_v4.0 (EURUSD,M15)	2026.03.03 06:38:45 | HEARTBEAT | SYSTEM | EA alive. Tick=23400 Equity=48530.10 OpenPos=1 UTC=2026.03.03 06:38 DayOfWeek=2 WeekendCloseActive=NO NewTradeBlocked=NO | 23400.000000
GG	0	23:39:35.154	Cazyxio_v4.0 (EURUSD,M15)	2026.03.03 06:39:35 | HEARTBEAT | SYSTEM | EA alive. Tick=23500 Equity=48547.04 OpenPos=1 UTC=2026.03.03 06:39 DayOfWeek=2 WeekendCloseActive=NO NewTradeBlocked=NO | 23500.000000
DK	0	23:40:55.008	Cazyxio_v4.0 (EURUSD,M15)	2026.03.03 06:40:55 | HEARTBEAT | SYSTEM | EA alive. Tick=23600 Equity=48565.52 OpenPos=1 UTC=2026.03.03 06:40 DayOfWeek=2 WeekendCloseActive=NO NewTradeBlocked=NO | 23600.000000
HO	0	23:42:23.121	Cazyxio_v4.0 (EURUSD,M15)	2026.03.03 06:42:23 | HEARTBEAT | SYSTEM | EA alive. Tick=23700 Equity=48571.68 OpenPos=1 UTC=2026.03.03 06:42 DayOfWeek=2 WeekendCloseActive=NO NewTradeBlocked=NO | 23700.000000
MS	0	23:43:49.076	Cazyxio_v4.0 (EURUSD,M15)	2026.03.03 06:43:49 | HEARTBEAT | SYSTEM | EA alive. Tick=23800 Equity=48579.38 OpenPos=1 UTC=2026.03.03 06:43 DayOfWeek=2 WeekendCloseActive=NO NewTradeBlocked=NO | 23800.000000
DG	0	23:44:55.110	Cazyxio_v4.0 (EURUSD,M15)	2026.03.03 06:44:55 | HEARTBEAT | SYSTEM | EA alive. Tick=23900 Equity=48557.82 OpenPos=1 UTC=2026.03.03 06:44 DayOfWeek=2 WeekendCloseActive=NO NewTradeBlocked=NO | 23900.000000
PK	0	23:45:43.875	Cazyxio_v4.0 (EURUSD,M15)	2026.03.03 06:45:43 | HEARTBEAT | SYSTEM | EA alive. Tick=24000 Equity=48560.90 OpenPos=1 UTC=2026.03.03 06:45 DayOfWeek=2 WeekendCloseActive=NO NewTradeBlocked=NO | 24000.000000
MO	0	23:46:39.577	Cazyxio_v4.0 (EURUSD,M15)	2026.03.03 06:46:39 | HEARTBEAT | SYSTEM | EA alive. Tick=24100 Equity=48545.50 OpenPos=1 UTC=2026.03.03 06:46 DayOfWeek=2 WeekendCloseActive=NO NewTradeBlocked=NO | 24100.000000
PS	0	23:47:45.399	Cazyxio_v4.0 (EURUSD,M15)	2026.03.03 06:47:45 | HEARTBEAT | SYSTEM | EA alive. Tick=24200 Equity=48563.98 OpenPos=1 UTC=2026.03.03 06:47 DayOfWeek=2 WeekendCloseActive=NO NewTradeBlocked=NO | 24200.000000
KG	0	23:49:03.294	Cazyxio_v4.0 (EURUSD,M15)	2026.03.03 06:49:03 | HEARTBEAT | SYSTEM | EA alive. Tick=24300 Equity=48580.92 OpenPos=1 UTC=2026.03.03 06:49 DayOfWeek=2 WeekendCloseActive=NO NewTradeBlocked=NO | 24300.000000
QK	0	23:50:51.337	Cazyxio_v4.0 (EURUSD,M15)	2026.03.03 06:50:51 | HEARTBEAT | SYSTEM | EA alive. Tick=24400 Equity=48605.56 OpenPos=1 UTC=2026.03.03 06:50 DayOfWeek=2 WeekendCloseActive=NO NewTradeBlocked=NO | 24400.000000
JO	0	23:52:08.628	Cazyxio_v4.0 (EURUSD,M15)	2026.03.03 06:52:08 | HEARTBEAT | SYSTEM | EA alive. Tick=24500 Equity=48607.10 OpenPos=1 UTC=2026.03.03 06:52 DayOfWeek=2 WeekendCloseActive=NO NewTradeBlocked=NO | 24500.000000
DS	0	23:53:11.861	Cazyxio_v4.0 (EURUSD,M15)	2026.03.03 06:53:11 | HEARTBEAT | SYSTEM | EA alive. Tick=24600 Equity=48624.04 OpenPos=1 UTC=2026.03.03 06:53 DayOfWeek=2 WeekendCloseActive=NO NewTradeBlocked=NO | 24600.000000
MG	0	23:54:45.829	Cazyxio_v4.0 (EURUSD,M15)	2026.03.03 06:54:45 | HEARTBEAT | SYSTEM | EA alive. Tick=24700 Equity=48624.04 OpenPos=1 UTC=2026.03.03 06:54 DayOfWeek=2 WeekendCloseActive=NO NewTradeBlocked=NO | 24700.000000
KK	0	23:55:58.997	Cazyxio_v4.0 (EURUSD,M15)	2026.03.03 06:55:58 | HEARTBEAT | SYSTEM | EA alive. Tick=24800 Equity=48653.30 OpenPos=1 UTC=2026.03.03 06:55 DayOfWeek=2 WeekendCloseActive=NO NewTradeBlocked=NO | 24800.000000
GO	0	23:57:18.999	Cazyxio_v4.0 (EURUSD,M15)	2026.03.03 06:57:18 | HEARTBEAT | SYSTEM | EA alive. Tick=24900 Equity=48673.32 OpenPos=1 UTC=2026.03.03 06:57 DayOfWeek=2 WeekendCloseActive=NO NewTradeBlocked=NO | 24900.000000
DS	0	23:58:46.597	Cazyxio_v4.0 (EURUSD,M15)	2026.03.03 06:58:46 | HEARTBEAT | SYSTEM | EA alive. Tick=25000 Equity=48677.94 OpenPos=1 UTC=2026.03.03 06:58 DayOfWeek=2 WeekendCloseActive=NO NewTradeBlocked=NO | 25000.000000